2026-06-16T18:52:37.689-03:00  INFO 130341 --- [auth-service] [main] [                                                 ] c.rota.facil.auth_service.Application    : Starting Application using Java 21.0.11 with PID 130341 (/home/tagashi/rota-facil/auth-service/target/classes started by tagashi in /home/tagashi/rota-facil/auth-service)
2026-06-16T18:52:37.711-03:00  INFO 130341 --- [auth-service] [main] [                                                 ] c.rota.facil.auth_service.Application    : No active profile set, falling back to 1 default profile: "default"
2026-06-16T18:52:40.946-03:00  INFO 130341 --- [auth-service] [main] [                                                 ] .s.d.r.c.RepositoryConfigurationDelegate : Bootstrapping Spring Data JPA repositories in DEFAULT mode.
2026-06-16T18:52:41.217-03:00  INFO 130341 --- [auth-service] [main] [                                                 ] .s.d.r.c.RepositoryConfigurationDelegate : Finished Spring Data repository scanning in 259 ms. Found 3 JPA repository interfaces.
2026-06-16T18:52:41.896-03:00  INFO 130341 --- [auth-service] [main] [                                                 ] o.s.cloud.context.scope.GenericScope     : BeanFactory id=2e297707-24db-38d0-b34a-0e113f385312
2026-06-16T18:52:43.159-03:00  INFO 130341 --- [auth-service] [main] [                                                 ] o.s.b.w.embedded.tomcat.TomcatWebServer  : Tomcat initialized with port 8084 (http)
2026-06-16T18:52:43.191-03:00  INFO 130341 --- [auth-service] [main] [                                                 ] o.apache.catalina.core.StandardService   : Starting service [Tomcat]
2026-06-16T18:52:43.192-03:00  INFO 130341 --- [auth-service] [main] [                                                 ] o.apache.catalina.core.StandardEngine    : Starting Servlet engine: [Apache Tomcat/10.1.34]
2026-06-16T18:52:43.318-03:00  INFO 130341 --- [auth-service] [main] [                                                 ] o.a.c.c.C.[Tomcat].[localhost].[/auth]   : Initializing Spring embedded WebApplicationContext
2026-06-16T18:52:43.319-03:00  INFO 130341 --- [auth-service] [main] [                                                 ] w.s.c.ServletWebServerApplicationContext : Root WebApplicationContext: initialization completed in 5490 ms
2026-06-16T18:52:43.935-03:00  INFO 130341 --- [auth-service] [main] [                                                 ] i.m.c.instrument.push.PushMeterRegistry  : Publishing metrics for OtlpMeterRegistry every 1m to http://localhost:4318/v1/metrics with resource attributes {service.name=auth-service}
2026-06-16T18:52:45.102-03:00  INFO 130341 --- [auth-service] [main] [                                                 ] com.zaxxer.hikari.HikariDataSource       : HikariPool-1 - Starting...
2026-06-16T18:52:46.209-03:00  WARN 130341 --- [auth-service] [main] [                                                 ] ConfigServletWebServerApplicationContext : Exception encountered during context initialization - cancelling refresh attempt: org.springframework.beans.factory.BeanCreationException: Error creating bean with name 'entityManagerFactory' defined in class path resource [org/springframework/boot/autoconfigure/orm/jpa/HibernateJpaConfiguration.class]: Failed to initialize dependency 'flywayInitializer' of LoadTimeWeaverAware bean 'entityManagerFactory': Error creating bean with name 'flywayInitializer' defined in class path resource [org/springframework/boot/autoconfigure/flyway/FlywayAutoConfiguration$FlywayConfiguration.class]: Unable to obtain connection from database: Connection to localhost:5434 refused. Check that the hostname and port are correct and that the postmaster is accepting TCP/IP connections.
--------------------------------------------------------------------------------------------------------------------------------------------------------------------------------------
SQL State  : 08001
Error Code : 0
Message    : Connection to localhost:5434 refused. Check that the hostname and port are correct and that the postmaster is accepting TCP/IP connections.

2026-06-16T18:52:46.218-03:00  INFO 130341 --- [auth-service] [main] [                                                 ] i.o.sdk.logs.SdkLoggerProvider           : Calling shutdown() multiple times.
2026-06-16T18:52:46.219-03:00  INFO 130341 --- [auth-service] [main] [                                                 ] i.o.sdk.trace.SdkTracerProvider          : Calling shutdown() multiple times.
2026-06-16T18:52:46.220-03:00  INFO 130341 --- [auth-service] [main] [                                                 ] i.o.exporter.internal.http.HttpExporter  : Calling shutdown() multiple times.
2026-06-16T18:52:46.226-03:00  INFO 130341 --- [auth-service] [main] [                                                 ] o.apache.catalina.core.StandardService   : Stopping service [Tomcat]
2026-06-16T18:52:46.231-03:00  WARN 130341 --- [auth-service] [main] [                                                 ] o.a.c.loader.WebappClassLoaderBase       : The web application [auth] appears to have started a thread named [BatchSpanProcessor_WorkerThread-1] but has failed to stop it. This is very likely to create a memory leak. Stack trace of thread:
 java.base/jdk.internal.misc.Unsafe.park(Native Method)
 java.base/java.util.concurrent.locks.LockSupport.parkNanos(LockSupport.java:269)
 java.base/java.util.concurrent.locks.AbstractQueuedSynchronizer$ConditionObject.awaitNanos(AbstractQueuedSynchronizer.java:1797)
 java.base/java.util.concurrent.ArrayBlockingQueue.poll(ArrayBlockingQueue.java:435)
 io.opentelemetry.sdk.trace.export.BatchSpanProcessor$Worker.run(BatchSpanProcessor.java:266)
 java.base/java.lang.Thread.run(Thread.java:1583)
2026-06-16T18:52:46.232-03:00  WARN 130341 --- [auth-service] [main] [                                                 ] o.a.c.loader.WebappClassLoaderBase       : The web application [auth] appears to have started a thread named [BatchLogRecordProcessor_WorkerThread-1] but has failed to stop it. This is very likely to create a memory leak. Stack trace of thread:
 java.base/jdk.internal.misc.Unsafe.park(Native Method)
 java.base/java.util.concurrent.locks.LockSupport.parkNanos(LockSupport.java:269)
 java.base/java.util.concurrent.locks.AbstractQueuedSynchronizer$ConditionObject.awaitNanos(AbstractQueuedSynchronizer.java:1797)
 java.base/java.util.concurrent.ArrayBlockingQueue.poll(ArrayBlockingQueue.java:435)
 io.opentelemetry.sdk.logs.export.BatchLogRecordProcessor$Worker.run(BatchLogRecordProcessor.java:246)
 java.base/java.lang.Thread.run(Thread.java:1583)
2026-06-16T18:52:46.280-03:00  INFO 130341 --- [auth-service] [main] [                                                 ] .s.b.a.l.ConditionEvaluationReportLogger : 

Error starting ApplicationContext. To display the condition evaluation report re-run your application with 'debug' enabled.
2026-06-16T18:52:46.306-03:00 ERROR 130341 --- [auth-service] [main] [                                                 ] o.s.boot.SpringApplication               : Application run failed

org.springframework.beans.factory.BeanCreationException: Error creating bean with name 'entityManagerFactory' defined in class path resource [org/springframework/boot/autoconfigure/orm/jpa/HibernateJpaConfiguration.class]: Failed to initialize dependency 'flywayInitializer' of LoadTimeWeaverAware bean 'entityManagerFactory': Error creating bean with name 'flywayInitializer' defined in class path resource [org/springframework/boot/autoconfigure/flyway/FlywayAutoConfiguration$FlywayConfiguration.class]: Unable to obtain connection from database: Connection to localhost:5434 refused. Check that the hostname and port are correct and that the postmaster is accepting TCP/IP connections.
--------------------------------------------------------------------------------------------------------------------------------------------------------------------------------------
SQL State  : 08001
Error Code : 0
Message    : Connection to localhost:5434 refused. Check that the hostname and port are correct and that the postmaster is accepting TCP/IP connections.

	at org.springframework.beans.factory.support.AbstractBeanFactory.doGetBean(AbstractBeanFactory.java:325) ~[spring-beans-6.2.2.jar:6.2.2]
	at org.springframework.beans.factory.support.AbstractBeanFactory.getBean(AbstractBeanFactory.java:204) ~[spring-beans-6.2.2.jar:6.2.2]
	at org.springframework.context.support.AbstractApplicationContext.finishBeanFactoryInitialization(AbstractApplicationContext.java:970) ~[spring-context-6.2.2.jar:6.2.2]
	at org.springframework.context.support.AbstractApplicationContext.refresh(AbstractApplicationContext.java:627) ~[spring-context-6.2.2.jar:6.2.2]
	at org.springframework.boot.web.servlet.context.ServletWebServerApplicationContext.refresh(ServletWebServerApplicationContext.java:146) ~[spring-boot-3.4.2.jar:3.4.2]
	at org.springframework.boot.SpringApplication.refresh(SpringApplication.java:752) ~[spring-boot-3.4.2.jar:3.4.2]
	at org.springframework.boot.SpringApplication.refreshContext(SpringApplication.java:439) ~[spring-boot-3.4.2.jar:3.4.2]
	at org.springframework.boot.SpringApplication.run(SpringApplication.java:318) ~[spring-boot-3.4.2.jar:3.4.2]
	at org.springframework.boot.SpringApplication.run(SpringApplication.java:1361) ~[spring-boot-3.4.2.jar:3.4.2]
	at org.springframework.boot.SpringApplication.run(SpringApplication.java:1350) ~[spring-boot-3.4.2.jar:3.4.2]
	at com.rota.facil.auth_service.Application.main(Application.java:10) ~[classes/:na]
Caused by: org.springframework.beans.factory.BeanCreationException: Error creating bean with name 'flywayInitializer' defined in class path resource [org/springframework/boot/autoconfigure/flyway/FlywayAutoConfiguration$FlywayConfiguration.class]: Unable to obtain connection from database: Connection to localhost:5434 refused. Check that the hostname and port are correct and that the postmaster is accepting TCP/IP connections.
--------------------------------------------------------------------------------------------------------------------------------------------------------------------------------------
SQL State  : 08001
Error Code : 0
Message    : Connection to localhost:5434 refused. Check that the hostname and port are correct and that the postmaster is accepting TCP/IP connections.

	at org.springframework.beans.factory.support.AbstractAutowireCapableBeanFactory.initializeBean(AbstractAutowireCapableBeanFactory.java:1812) ~[spring-beans-6.2.2.jar:6.2.2]
	at org.springframework.beans.factory.support.AbstractAutowireCapableBeanFactory.doCreateBean(AbstractAutowireCapableBeanFactory.java:601) ~[spring-beans-6.2.2.jar:6.2.2]
	at org.springframework.beans.factory.support.AbstractAutowireCapableBeanFactory.createBean(AbstractAutowireCapableBeanFactory.java:523) ~[spring-beans-6.2.2.jar:6.2.2]
	at org.springframework.beans.factory.support.AbstractBeanFactory.lambda$doGetBean$0(AbstractBeanFactory.java:336) ~[spring-beans-6.2.2.jar:6.2.2]
	at org.springframework.beans.factory.support.DefaultSingletonBeanRegistry.getSingleton(DefaultSingletonBeanRegistry.java:307) ~[spring-beans-6.2.2.jar:6.2.2]
	at org.springframework.beans.factory.support.AbstractBeanFactory.doGetBean(AbstractBeanFactory.java:334) ~[spring-beans-6.2.2.jar:6.2.2]
	at org.springframework.beans.factory.support.AbstractBeanFactory.getBean(AbstractBeanFactory.java:199) ~[spring-beans-6.2.2.jar:6.2.2]
	at org.springframework.beans.factory.support.AbstractBeanFactory.doGetBean(AbstractBeanFactory.java:312) ~[spring-beans-6.2.2.jar:6.2.2]
	... 10 common frames omitted
Caused by: org.flywaydb.core.internal.exception.FlywaySqlException: Unable to obtain connection from database: Connection to localhost:5434 refused. Check that the hostname and port are correct and that the postmaster is accepting TCP/IP connections.
--------------------------------------------------------------------------------------------------------------------------------------------------------------------------------------
SQL State  : 08001
Error Code : 0
Message    : Connection to localhost:5434 refused. Check that the hostname and port are correct and that the postmaster is accepting TCP/IP connections.

	at org.flywaydb.core.internal.jdbc.JdbcUtils.openConnection(JdbcUtils.java:71) ~[flyway-core-10.20.1.jar:na]
	at org.flywaydb.core.internal.jdbc.JdbcConnectionFactory.<init>(JdbcConnectionFactory.java:76) ~[flyway-core-10.20.1.jar:na]
	at org.flywaydb.core.FlywayExecutor.execute(FlywayExecutor.java:137) ~[flyway-core-10.20.1.jar:na]
	at org.flywaydb.core.Flyway.migrate(Flyway.java:176) ~[flyway-core-10.20.1.jar:na]
	at org.springframework.boot.autoconfigure.flyway.FlywayMigrationInitializer.afterPropertiesSet(FlywayMigrationInitializer.java:66) ~[spring-boot-autoconfigure-3.4.2.jar:3.4.2]
	at org.springframework.beans.factory.support.AbstractAutowireCapableBeanFactory.invokeInitMethods(AbstractAutowireCapableBeanFactory.java:1859) ~[spring-beans-6.2.2.jar:6.2.2]
	at org.springframework.beans.factory.support.AbstractAutowireCapableBeanFactory.initializeBean(AbstractAutowireCapableBeanFactory.java:1808) ~[spring-beans-6.2.2.jar:6.2.2]
	... 17 common frames omitted
Caused by: org.postgresql.util.PSQLException: Connection to localhost:5434 refused. Check that the hostname and port are correct and that the postmaster is accepting TCP/IP connections.
	at org.postgresql.core.v3.ConnectionFactoryImpl.openConnectionImpl(ConnectionFactoryImpl.java:352) ~[postgresql-42.7.5.jar:42.7.5]
	at org.postgresql.core.ConnectionFactory.openConnection(ConnectionFactory.java:54) ~[postgresql-42.7.5.jar:42.7.5]
	at org.postgresql.jdbc.PgConnection.<init>(PgConnection.java:273) ~[postgresql-42.7.5.jar:42.7.5]
	at org.postgresql.Driver.makeConnection(Driver.java:446) ~[postgresql-42.7.5.jar:42.7.5]
	at org.postgresql.Driver.connect(Driver.java:298) ~[postgresql-42.7.5.jar:42.7.5]
	at com.zaxxer.hikari.util.DriverDataSource.getConnection(DriverDataSource.java:137) ~[HikariCP-5.1.0.jar:na]
	at com.zaxxer.hikari.pool.PoolBase.newConnection(PoolBase.java:360) ~[HikariCP-5.1.0.jar:na]
	at com.zaxxer.hikari.pool.PoolBase.newPoolEntry(PoolBase.java:202) ~[HikariCP-5.1.0.jar:na]
	at com.zaxxer.hikari.pool.HikariPool.createPoolEntry(HikariPool.java:461) ~[HikariCP-5.1.0.jar:na]
	at com.zaxxer.hikari.pool.HikariPool.checkFailFast(HikariPool.java:550) ~[HikariCP-5.1.0.jar:na]
	at com.zaxxer.hikari.pool.HikariPool.<init>(HikariPool.java:98) ~[HikariCP-5.1.0.jar:na]
	at com.zaxxer.hikari.HikariDataSource.getConnection(HikariDataSource.java:111) ~[HikariCP-5.1.0.jar:na]
	at org.flywaydb.core.internal.jdbc.JdbcUtils.openConnection(JdbcUtils.java:59) ~[flyway-core-10.20.1.jar:na]
	... 23 common frames omitted
Caused by: java.net.ConnectException: Conexão recusada
	at java.base/sun.nio.ch.Net.pollConnect(Native Method) ~[na:na]
	at java.base/sun.nio.ch.Net.pollConnectNow(Net.java:694) ~[na:na]
	at java.base/sun.nio.ch.NioSocketImpl.timedFinishConnect(NioSocketImpl.java:542) ~[na:na]
	at java.base/sun.nio.ch.NioSocketImpl.connect(NioSocketImpl.java:592) ~[na:na]
	at java.base/java.net.SocksSocketImpl.connect(SocksSocketImpl.java:327) ~[na:na]
	at java.base/java.net.Socket.connect(Socket.java:751) ~[na:na]
	at org.postgresql.core.PGStream.createSocket(PGStream.java:260) ~[postgresql-42.7.5.jar:42.7.5]
	at org.postgresql.core.PGStream.<init>(PGStream.java:121) ~[postgresql-42.7.5.jar:42.7.5]
	at org.postgresql.core.v3.ConnectionFactoryImpl.tryConnect(ConnectionFactoryImpl.java:140) ~[postgresql-42.7.5.jar:42.7.5]
	at org.postgresql.core.v3.ConnectionFactoryImpl.openConnectionImpl(ConnectionFactoryImpl.java:268) ~[postgresql-42.7.5.jar:42.7.5]
	... 35 common frames omitted

2026-06-16T18:53:35.003-03:00  INFO 130767 --- [auth-service] [main] [                                                 ] c.rota.facil.auth_service.Application    : Starting Application using Java 21.0.11 with PID 130767 (/home/tagashi/rota-facil/auth-service/target/classes started by tagashi in /home/tagashi/rota-facil/auth-service)
2026-06-16T18:53:35.007-03:00  INFO 130767 --- [auth-service] [main] [                                                 ] c.rota.facil.auth_service.Application    : No active profile set, falling back to 1 default profile: "default"
2026-06-16T18:53:37.726-03:00  INFO 130767 --- [auth-service] [main] [                                                 ] .s.d.r.c.RepositoryConfigurationDelegate : Bootstrapping Spring Data JPA repositories in DEFAULT mode.
2026-06-16T18:53:37.941-03:00  INFO 130767 --- [auth-service] [main] [                                                 ] .s.d.r.c.RepositoryConfigurationDelegate : Finished Spring Data repository scanning in 202 ms. Found 3 JPA repository interfaces.
2026-06-16T18:53:38.317-03:00  INFO 130767 --- [auth-service] [main] [                                                 ] o.s.cloud.context.scope.GenericScope     : BeanFactory id=2e297707-24db-38d0-b34a-0e113f385312
2026-06-16T18:53:39.172-03:00  INFO 130767 --- [auth-service] [main] [                                                 ] o.s.b.w.embedded.tomcat.TomcatWebServer  : Tomcat initialized with port 8084 (http)
2026-06-16T18:53:39.196-03:00  INFO 130767 --- [auth-service] [main] [                                                 ] o.apache.catalina.core.StandardService   : Starting service [Tomcat]
2026-06-16T18:53:39.197-03:00  INFO 130767 --- [auth-service] [main] [                                                 ] o.apache.catalina.core.StandardEngine    : Starting Servlet engine: [Apache Tomcat/10.1.34]
2026-06-16T18:53:39.318-03:00  INFO 130767 --- [auth-service] [main] [                                                 ] o.a.c.c.C.[Tomcat].[localhost].[/auth]   : Initializing Spring embedded WebApplicationContext
2026-06-16T18:53:39.319-03:00  INFO 130767 --- [auth-service] [main] [                                                 ] w.s.c.ServletWebServerApplicationContext : Root WebApplicationContext: initialization completed in 4257 ms
2026-06-16T18:53:39.919-03:00  INFO 130767 --- [auth-service] [main] [                                                 ] i.m.c.instrument.push.PushMeterRegistry  : Publishing metrics for OtlpMeterRegistry every 1m to http://localhost:4318/v1/metrics with resource attributes {service.name=auth-service}
2026-06-16T18:53:40.589-03:00  INFO 130767 --- [auth-service] [main] [                                                 ] com.zaxxer.hikari.HikariDataSource       : HikariPool-1 - Starting...
2026-06-16T18:53:40.887-03:00  INFO 130767 --- [auth-service] [main] [                                                 ] com.zaxxer.hikari.pool.HikariPool        : HikariPool-1 - Added connection org.postgresql.jdbc.PgConnection@4a49919c
2026-06-16T18:53:40.889-03:00  INFO 130767 --- [auth-service] [main] [                                                 ] com.zaxxer.hikari.HikariDataSource       : HikariPool-1 - Start completed.
2026-06-16T18:53:40.935-03:00  INFO 130767 --- [auth-service] [main] [                                                 ] org.flywaydb.core.FlywayExecutor         : Database: jdbc:postgresql://localhost:5434/auth_database (PostgreSQL 16.14)
2026-06-16T18:53:41.068-03:00  WARN 130767 --- [auth-service] [main] [                                                 ] ConfigServletWebServerApplicationContext : Exception encountered during context initialization - cancelling refresh attempt: org.springframework.beans.factory.BeanCreationException: Error creating bean with name 'entityManagerFactory' defined in class path resource [org/springframework/boot/autoconfigure/orm/jpa/HibernateJpaConfiguration.class]: Failed to initialize dependency 'flywayInitializer' of LoadTimeWeaverAware bean 'entityManagerFactory': Error creating bean with name 'flywayInitializer' defined in class path resource [org/springframework/boot/autoconfigure/flyway/FlywayAutoConfiguration$FlywayConfiguration.class]: Validate failed: Migrations have failed validation
Migration checksum mismatch for migration version 1.0.1
-> Applied to database : -1416936917
-> Resolved locally    : 2012384507
Either revert the changes to the migration, or run repair to update the schema history.
Need more flexibility with validation rules? Learn more: https://rd.gt/3AbJUZE
2026-06-16T18:53:41.068-03:00  INFO 130767 --- [auth-service] [main] [                                                 ] com.zaxxer.hikari.HikariDataSource       : HikariPool-1 - Shutdown initiated...
2026-06-16T18:53:41.112-03:00  INFO 130767 --- [auth-service] [main] [                                                 ] com.zaxxer.hikari.HikariDataSource       : HikariPool-1 - Shutdown completed.
2026-06-16T18:53:41.118-03:00  INFO 130767 --- [auth-service] [main] [                                                 ] i.o.sdk.logs.SdkLoggerProvider           : Calling shutdown() multiple times.
2026-06-16T18:53:41.119-03:00  INFO 130767 --- [auth-service] [main] [                                                 ] i.o.sdk.trace.SdkTracerProvider          : Calling shutdown() multiple times.
2026-06-16T18:53:41.119-03:00  INFO 130767 --- [auth-service] [main] [                                                 ] i.o.exporter.internal.http.HttpExporter  : Calling shutdown() multiple times.
2026-06-16T18:53:41.125-03:00  INFO 130767 --- [auth-service] [main] [                                                 ] o.apache.catalina.core.StandardService   : Stopping service [Tomcat]
2026-06-16T18:53:41.133-03:00  WARN 130767 --- [auth-service] [main] [                                                 ] o.a.c.loader.WebappClassLoaderBase       : The web application [auth] appears to have started a thread named [BatchSpanProcessor_WorkerThread-1] but has failed to stop it. This is very likely to create a memory leak. Stack trace of thread:
 java.base/jdk.internal.misc.Unsafe.park(Native Method)
 java.base/java.util.concurrent.locks.LockSupport.parkNanos(LockSupport.java:269)
 java.base/java.util.concurrent.locks.AbstractQueuedSynchronizer$ConditionObject.awaitNanos(AbstractQueuedSynchronizer.java:1797)
 java.base/java.util.concurrent.ArrayBlockingQueue.poll(ArrayBlockingQueue.java:435)
 io.opentelemetry.sdk.trace.export.BatchSpanProcessor$Worker.run(BatchSpanProcessor.java:266)
 java.base/java.lang.Thread.run(Thread.java:1583)
2026-06-16T18:53:41.134-03:00  WARN 130767 --- [auth-service] [main] [                                                 ] o.a.c.loader.WebappClassLoaderBase       : The web application [auth] appears to have started a thread named [BatchLogRecordProcessor_WorkerThread-1] but has failed to stop it. This is very likely to create a memory leak. Stack trace of thread:
 java.base/jdk.internal.misc.Unsafe.park(Native Method)
 java.base/java.util.concurrent.locks.LockSupport.parkNanos(LockSupport.java:269)
 java.base/java.util.concurrent.locks.AbstractQueuedSynchronizer$ConditionObject.awaitNanos(AbstractQueuedSynchronizer.java:1797)
 java.base/java.util.concurrent.ArrayBlockingQueue.poll(ArrayBlockingQueue.java:435)
 io.opentelemetry.sdk.logs.export.BatchLogRecordProcessor$Worker.run(BatchLogRecordProcessor.java:246)
 java.base/java.lang.Thread.run(Thread.java:1583)
2026-06-16T18:53:41.190-03:00  INFO 130767 --- [auth-service] [main] [                                                 ] .s.b.a.l.ConditionEvaluationReportLogger : 

Error starting ApplicationContext. To display the condition evaluation report re-run your application with 'debug' enabled.
2026-06-16T18:53:41.211-03:00 ERROR 130767 --- [auth-service] [main] [                                                 ] o.s.boot.SpringApplication               : Application run failed

org.springframework.beans.factory.BeanCreationException: Error creating bean with name 'entityManagerFactory' defined in class path resource [org/springframework/boot/autoconfigure/orm/jpa/HibernateJpaConfiguration.class]: Failed to initialize dependency 'flywayInitializer' of LoadTimeWeaverAware bean 'entityManagerFactory': Error creating bean with name 'flywayInitializer' defined in class path resource [org/springframework/boot/autoconfigure/flyway/FlywayAutoConfiguration$FlywayConfiguration.class]: Validate failed: Migrations have failed validation
Migration checksum mismatch for migration version 1.0.1
-> Applied to database : -1416936917
-> Resolved locally    : 2012384507
Either revert the changes to the migration, or run repair to update the schema history.
Need more flexibility with validation rules? Learn more: https://rd.gt/3AbJUZE
	at org.springframework.beans.factory.support.AbstractBeanFactory.doGetBean(AbstractBeanFactory.java:325) ~[spring-beans-6.2.2.jar:6.2.2]
	at org.springframework.beans.factory.support.AbstractBeanFactory.getBean(AbstractBeanFactory.java:204) ~[spring-beans-6.2.2.jar:6.2.2]
	at org.springframework.context.support.AbstractApplicationContext.finishBeanFactoryInitialization(AbstractApplicationContext.java:970) ~[spring-context-6.2.2.jar:6.2.2]
	at org.springframework.context.support.AbstractApplicationContext.refresh(AbstractApplicationContext.java:627) ~[spring-context-6.2.2.jar:6.2.2]
	at org.springframework.boot.web.servlet.context.ServletWebServerApplicationContext.refresh(ServletWebServerApplicationContext.java:146) ~[spring-boot-3.4.2.jar:3.4.2]
	at org.springframework.boot.SpringApplication.refresh(SpringApplication.java:752) ~[spring-boot-3.4.2.jar:3.4.2]
	at org.springframework.boot.SpringApplication.refreshContext(SpringApplication.java:439) ~[spring-boot-3.4.2.jar:3.4.2]
	at org.springframework.boot.SpringApplication.run(SpringApplication.java:318) ~[spring-boot-3.4.2.jar:3.4.2]
	at org.springframework.boot.SpringApplication.run(SpringApplication.java:1361) ~[spring-boot-3.4.2.jar:3.4.2]
	at org.springframework.boot.SpringApplication.run(SpringApplication.java:1350) ~[spring-boot-3.4.2.jar:3.4.2]
	at com.rota.facil.auth_service.Application.main(Application.java:10) ~[classes/:na]
Caused by: org.springframework.beans.factory.BeanCreationException: Error creating bean with name 'flywayInitializer' defined in class path resource [org/springframework/boot/autoconfigure/flyway/FlywayAutoConfiguration$FlywayConfiguration.class]: Validate failed: Migrations have failed validation
Migration checksum mismatch for migration version 1.0.1
-> Applied to database : -1416936917
-> Resolved locally    : 2012384507
Either revert the changes to the migration, or run repair to update the schema history.
Need more flexibility with validation rules? Learn more: https://rd.gt/3AbJUZE
	at org.springframework.beans.factory.support.AbstractAutowireCapableBeanFactory.initializeBean(AbstractAutowireCapableBeanFactory.java:1812) ~[spring-beans-6.2.2.jar:6.2.2]
	at org.springframework.beans.factory.support.AbstractAutowireCapableBeanFactory.doCreateBean(AbstractAutowireCapableBeanFactory.java:601) ~[spring-beans-6.2.2.jar:6.2.2]
	at org.springframework.beans.factory.support.AbstractAutowireCapableBeanFactory.createBean(AbstractAutowireCapableBeanFactory.java:523) ~[spring-beans-6.2.2.jar:6.2.2]
	at org.springframework.beans.factory.support.AbstractBeanFactory.lambda$doGetBean$0(AbstractBeanFactory.java:336) ~[spring-beans-6.2.2.jar:6.2.2]
	at org.springframework.beans.factory.support.DefaultSingletonBeanRegistry.getSingleton(DefaultSingletonBeanRegistry.java:307) ~[spring-beans-6.2.2.jar:6.2.2]
	at org.springframework.beans.factory.support.AbstractBeanFactory.doGetBean(AbstractBeanFactory.java:334) ~[spring-beans-6.2.2.jar:6.2.2]
	at org.springframework.beans.factory.support.AbstractBeanFactory.getBean(AbstractBeanFactory.java:199) ~[spring-beans-6.2.2.jar:6.2.2]
	at org.springframework.beans.factory.support.AbstractBeanFactory.doGetBean(AbstractBeanFactory.java:312) ~[spring-beans-6.2.2.jar:6.2.2]
	... 10 common frames omitted
Caused by: org.flywaydb.core.api.exception.FlywayValidateException: Validate failed: Migrations have failed validation
Migration checksum mismatch for migration version 1.0.1
-> Applied to database : -1416936917
-> Resolved locally    : 2012384507
Either revert the changes to the migration, or run repair to update the schema history.
Need more flexibility with validation rules? Learn more: https://rd.gt/3AbJUZE
	at org.flywaydb.core.Flyway.lambda$migrate$1(Flyway.java:189) ~[flyway-core-10.20.1.jar:na]
	at org.flywaydb.core.FlywayExecutor.execute(FlywayExecutor.java:213) ~[flyway-core-10.20.1.jar:na]
	at org.flywaydb.core.Flyway.migrate(Flyway.java:176) ~[flyway-core-10.20.1.jar:na]
	at org.springframework.boot.autoconfigure.flyway.FlywayMigrationInitializer.afterPropertiesSet(FlywayMigrationInitializer.java:66) ~[spring-boot-autoconfigure-3.4.2.jar:3.4.2]
	at org.springframework.beans.factory.support.AbstractAutowireCapableBeanFactory.invokeInitMethods(AbstractAutowireCapableBeanFactory.java:1859) ~[spring-beans-6.2.2.jar:6.2.2]
	at org.springframework.beans.factory.support.AbstractAutowireCapableBeanFactory.initializeBean(AbstractAutowireCapableBeanFactory.java:1808) ~[spring-beans-6.2.2.jar:6.2.2]
	... 17 common frames omitted

2026-06-16T18:55:06.982-03:00  INFO 131547 --- [auth-service] [main] [                                                 ] c.rota.facil.auth_service.Application    : Starting Application using Java 21.0.11 with PID 131547 (/home/tagashi/rota-facil/auth-service/target/classes started by tagashi in /home/tagashi/rota-facil/auth-service)
2026-06-16T18:55:06.986-03:00  INFO 131547 --- [auth-service] [main] [                                                 ] c.rota.facil.auth_service.Application    : No active profile set, falling back to 1 default profile: "default"
2026-06-16T18:55:09.116-03:00  INFO 131547 --- [auth-service] [main] [                                                 ] .s.d.r.c.RepositoryConfigurationDelegate : Bootstrapping Spring Data JPA repositories in DEFAULT mode.
2026-06-16T18:55:09.367-03:00  INFO 131547 --- [auth-service] [main] [                                                 ] .s.d.r.c.RepositoryConfigurationDelegate : Finished Spring Data repository scanning in 240 ms. Found 3 JPA repository interfaces.
2026-06-16T18:55:09.745-03:00  INFO 131547 --- [auth-service] [main] [                                                 ] o.s.cloud.context.scope.GenericScope     : BeanFactory id=2e297707-24db-38d0-b34a-0e113f385312
2026-06-16T18:55:11.105-03:00  INFO 131547 --- [auth-service] [main] [                                                 ] o.s.b.w.embedded.tomcat.TomcatWebServer  : Tomcat initialized with port 8084 (http)
2026-06-16T18:55:11.134-03:00  INFO 131547 --- [auth-service] [main] [                                                 ] o.apache.catalina.core.StandardService   : Starting service [Tomcat]
2026-06-16T18:55:11.135-03:00  INFO 131547 --- [auth-service] [main] [                                                 ] o.apache.catalina.core.StandardEngine    : Starting Servlet engine: [Apache Tomcat/10.1.34]
2026-06-16T18:55:11.269-03:00  INFO 131547 --- [auth-service] [main] [                                                 ] o.a.c.c.C.[Tomcat].[localhost].[/auth]   : Initializing Spring embedded WebApplicationContext
2026-06-16T18:55:11.270-03:00  INFO 131547 --- [auth-service] [main] [                                                 ] w.s.c.ServletWebServerApplicationContext : Root WebApplicationContext: initialization completed in 4221 ms
2026-06-16T18:55:12.041-03:00  INFO 131547 --- [auth-service] [main] [                                                 ] i.m.c.instrument.push.PushMeterRegistry  : Publishing metrics for OtlpMeterRegistry every 1m to http://localhost:4318/v1/metrics with resource attributes {service.name=auth-service}
2026-06-16T18:55:12.804-03:00  INFO 131547 --- [auth-service] [main] [                                                 ] com.zaxxer.hikari.HikariDataSource       : HikariPool-1 - Starting...
2026-06-16T18:55:13.261-03:00  INFO 131547 --- [auth-service] [main] [                                                 ] com.zaxxer.hikari.pool.HikariPool        : HikariPool-1 - Added connection org.postgresql.jdbc.PgConnection@53d2f0ec
2026-06-16T18:55:13.263-03:00  INFO 131547 --- [auth-service] [main] [                                                 ] com.zaxxer.hikari.HikariDataSource       : HikariPool-1 - Start completed.
2026-06-16T18:55:13.309-03:00  INFO 131547 --- [auth-service] [main] [                                                 ] org.flywaydb.core.FlywayExecutor         : Database: jdbc:postgresql://localhost:5434/auth_database (PostgreSQL 16.14)
2026-06-16T18:55:13.370-03:00  INFO 131547 --- [auth-service] [main] [                                                 ] o.f.c.i.s.JdbcTableSchemaHistory         : Schema history table "public"."flyway_schema_history" does not exist yet
2026-06-16T18:55:13.377-03:00  INFO 131547 --- [auth-service] [main] [                                                 ] o.f.core.internal.command.DbValidate     : Successfully validated 4 migrations (execution time 00:00.028s)
2026-06-16T18:55:13.406-03:00  INFO 131547 --- [auth-service] [main] [                                                 ] o.f.c.i.s.JdbcTableSchemaHistory         : Creating Schema History table "public"."flyway_schema_history" ...
2026-06-16T18:55:13.502-03:00  INFO 131547 --- [auth-service] [main] [                                                 ] o.f.core.internal.command.DbMigrate      : Current version of schema "public": << Empty Schema >>
2026-06-16T18:55:13.522-03:00  INFO 131547 --- [auth-service] [main] [                                                 ] o.f.core.internal.command.DbMigrate      : Migrating schema "public" to version "1.0.0 - create prefectures"
2026-06-16T18:55:13.580-03:00  INFO 131547 --- [auth-service] [main] [                                                 ] o.f.core.internal.command.DbMigrate      : Migrating schema "public" to version "1.0.1 - create users tb"
2026-06-16T18:55:13.638-03:00  INFO 131547 --- [auth-service] [main] [                                                 ] o.f.core.internal.command.DbMigrate      : Migrating schema "public" to version "1.0.2 - insert admin"
2026-06-16T18:55:13.668-03:00  INFO 131547 --- [auth-service] [main] [                                                 ] o.f.core.internal.command.DbMigrate      : Migrating schema "public" to version "1.0.3 - create token complete google login tb"
2026-06-16T18:55:13.721-03:00  INFO 131547 --- [auth-service] [main] [                                                 ] o.f.core.internal.command.DbMigrate      : Successfully applied 4 migrations to schema "public", now at version v1.0.3 (execution time 00:00.084s)
2026-06-16T18:55:13.937-03:00  INFO 131547 --- [auth-service] [main] [                                                 ] o.hibernate.jpa.internal.util.LogHelper  : HHH000204: Processing PersistenceUnitInfo [name: default]
2026-06-16T18:55:14.080-03:00  INFO 131547 --- [auth-service] [main] [                                                 ] org.hibernate.Version                    : HHH000412: Hibernate ORM core version 6.6.5.Final
2026-06-16T18:55:14.144-03:00  INFO 131547 --- [auth-service] [main] [                                                 ] o.h.c.internal.RegionFactoryInitiator    : HHH000026: Second-level cache disabled
2026-06-16T18:55:14.644-03:00  INFO 131547 --- [auth-service] [main] [                                                 ] o.s.o.j.p.SpringPersistenceUnitInfo      : No LoadTimeWeaver setup: ignoring JPA class transformer
2026-06-16T18:55:14.735-03:00  WARN 131547 --- [auth-service] [main] [                                                 ] org.hibernate.orm.deprecation            : HHH90000025: PostgreSQLDialect does not need to be specified explicitly using 'hibernate.dialect' (remove the property setting and it will be selected by default)
2026-06-16T18:55:14.755-03:00  INFO 131547 --- [auth-service] [main] [                                                 ] org.hibernate.orm.connections.pooling    : HHH10001005: Database info:
	Database JDBC URL [Connecting through datasource 'HikariDataSource (HikariPool-1)']
	Database driver: undefined/unknown
	Database version: 16.14
	Autocommit mode: undefined/unknown
	Isolation level: undefined/unknown
	Minimum pool size: undefined/unknown
	Maximum pool size: undefined/unknown
2026-06-16T18:55:15.934-03:00  INFO 131547 --- [auth-service] [main] [                                                 ] o.h.e.t.j.p.i.JtaPlatformInitiator       : HHH000489: No JTA platform available (set 'hibernate.transaction.jta.platform' to enable JTA platform integration)
2026-06-16T18:55:15.991-03:00 ERROR 131547 --- [auth-service] [main] [                                                 ] j.LocalContainerEntityManagerFactoryBean : Failed to initialize JPA EntityManagerFactory: [PersistenceUnit: default] Unable to build Hibernate SessionFactory; nested exception is org.hibernate.tool.schema.spi.SchemaManagementException: Schema-validation: missing column [completed_trips] in table [users_tb]
2026-06-16T18:55:15.993-03:00  WARN 131547 --- [auth-service] [main] [                                                 ] ConfigServletWebServerApplicationContext : Exception encountered during context initialization - cancelling refresh attempt: org.springframework.beans.factory.BeanCreationException: Error creating bean with name 'entityManagerFactory' defined in class path resource [org/springframework/boot/autoconfigure/orm/jpa/HibernateJpaConfiguration.class]: [PersistenceUnit: default] Unable to build Hibernate SessionFactory; nested exception is org.hibernate.tool.schema.spi.SchemaManagementException: Schema-validation: missing column [completed_trips] in table [users_tb]
2026-06-16T18:55:15.993-03:00  INFO 131547 --- [auth-service] [main] [                                                 ] com.zaxxer.hikari.HikariDataSource       : HikariPool-1 - Shutdown initiated...
2026-06-16T18:55:15.999-03:00  INFO 131547 --- [auth-service] [main] [                                                 ] com.zaxxer.hikari.HikariDataSource       : HikariPool-1 - Shutdown completed.
2026-06-16T18:55:16.008-03:00  INFO 131547 --- [auth-service] [main] [                                                 ] i.o.sdk.logs.SdkLoggerProvider           : Calling shutdown() multiple times.
2026-06-16T18:55:16.009-03:00  INFO 131547 --- [auth-service] [main] [                                                 ] i.o.sdk.trace.SdkTracerProvider          : Calling shutdown() multiple times.
2026-06-16T18:55:16.010-03:00  INFO 131547 --- [auth-service] [main] [                                                 ] i.o.exporter.internal.http.HttpExporter  : Calling shutdown() multiple times.
2026-06-16T18:55:16.013-03:00  INFO 131547 --- [auth-service] [main] [                                                 ] o.apache.catalina.core.StandardService   : Stopping service [Tomcat]
2026-06-16T18:55:16.016-03:00  WARN 131547 --- [auth-service] [main] [                                                 ] o.a.c.loader.WebappClassLoaderBase       : The web application [auth] appears to have started a thread named [BatchSpanProcessor_WorkerThread-1] but has failed to stop it. This is very likely to create a memory leak. Stack trace of thread:
 java.base/jdk.internal.misc.Unsafe.park(Native Method)
 java.base/java.util.concurrent.locks.LockSupport.parkNanos(LockSupport.java:269)
 java.base/java.util.concurrent.locks.AbstractQueuedSynchronizer$ConditionObject.awaitNanos(AbstractQueuedSynchronizer.java:1797)
 java.base/java.util.concurrent.ArrayBlockingQueue.poll(ArrayBlockingQueue.java:435)
 io.opentelemetry.sdk.trace.export.BatchSpanProcessor$Worker.run(BatchSpanProcessor.java:266)
 java.base/java.lang.Thread.run(Thread.java:1583)
2026-06-16T18:55:16.017-03:00  WARN 131547 --- [auth-service] [main] [                                                 ] o.a.c.loader.WebappClassLoaderBase       : The web application [auth] appears to have started a thread named [BatchLogRecordProcessor_WorkerThread-1] but has failed to stop it. This is very likely to create a memory leak. Stack trace of thread:
 java.base/jdk.internal.misc.Unsafe.park(Native Method)
 java.base/java.util.concurrent.locks.LockSupport.parkNanos(LockSupport.java:269)
 java.base/java.util.concurrent.locks.AbstractQueuedSynchronizer$ConditionObject.awaitNanos(AbstractQueuedSynchronizer.java:1797)
 java.base/java.util.concurrent.ArrayBlockingQueue.poll(ArrayBlockingQueue.java:435)
 io.opentelemetry.sdk.logs.export.BatchLogRecordProcessor$Worker.run(BatchLogRecordProcessor.java:246)
 java.base/java.lang.Thread.run(Thread.java:1583)
2026-06-16T18:55:16.062-03:00  INFO 131547 --- [auth-service] [main] [                                                 ] .s.b.a.l.ConditionEvaluationReportLogger : 

Error starting ApplicationContext. To display the condition evaluation report re-run your application with 'debug' enabled.
2026-06-16T18:55:16.087-03:00 ERROR 131547 --- [auth-service] [main] [                                                 ] o.s.boot.SpringApplication               : Application run failed

org.springframework.beans.factory.BeanCreationException: Error creating bean with name 'entityManagerFactory' defined in class path resource [org/springframework/boot/autoconfigure/orm/jpa/HibernateJpaConfiguration.class]: [PersistenceUnit: default] Unable to build Hibernate SessionFactory; nested exception is org.hibernate.tool.schema.spi.SchemaManagementException: Schema-validation: missing column [completed_trips] in table [users_tb]
	at org.springframework.beans.factory.support.AbstractAutowireCapableBeanFactory.initializeBean(AbstractAutowireCapableBeanFactory.java:1812) ~[spring-beans-6.2.2.jar:6.2.2]
	at org.springframework.beans.factory.support.AbstractAutowireCapableBeanFactory.doCreateBean(AbstractAutowireCapableBeanFactory.java:601) ~[spring-beans-6.2.2.jar:6.2.2]
	at org.springframework.beans.factory.support.AbstractAutowireCapableBeanFactory.createBean(AbstractAutowireCapableBeanFactory.java:523) ~[spring-beans-6.2.2.jar:6.2.2]
	at org.springframework.beans.factory.support.AbstractBeanFactory.lambda$doGetBean$0(AbstractBeanFactory.java:336) ~[spring-beans-6.2.2.jar:6.2.2]
	at org.springframework.beans.factory.support.DefaultSingletonBeanRegistry.getSingleton(DefaultSingletonBeanRegistry.java:307) ~[spring-beans-6.2.2.jar:6.2.2]
	at org.springframework.beans.factory.support.AbstractBeanFactory.doGetBean(AbstractBeanFactory.java:334) ~[spring-beans-6.2.2.jar:6.2.2]
	at org.springframework.beans.factory.support.AbstractBeanFactory.getBean(AbstractBeanFactory.java:204) ~[spring-beans-6.2.2.jar:6.2.2]
	at org.springframework.context.support.AbstractApplicationContext.finishBeanFactoryInitialization(AbstractApplicationContext.java:970) ~[spring-context-6.2.2.jar:6.2.2]
	at org.springframework.context.support.AbstractApplicationContext.refresh(AbstractApplicationContext.java:627) ~[spring-context-6.2.2.jar:6.2.2]
	at org.springframework.boot.web.servlet.context.ServletWebServerApplicationContext.refresh(ServletWebServerApplicationContext.java:146) ~[spring-boot-3.4.2.jar:3.4.2]
	at org.springframework.boot.SpringApplication.refresh(SpringApplication.java:752) ~[spring-boot-3.4.2.jar:3.4.2]
	at org.springframework.boot.SpringApplication.refreshContext(SpringApplication.java:439) ~[spring-boot-3.4.2.jar:3.4.2]
	at org.springframework.boot.SpringApplication.run(SpringApplication.java:318) ~[spring-boot-3.4.2.jar:3.4.2]
	at org.springframework.boot.SpringApplication.run(SpringApplication.java:1361) ~[spring-boot-3.4.2.jar:3.4.2]
	at org.springframework.boot.SpringApplication.run(SpringApplication.java:1350) ~[spring-boot-3.4.2.jar:3.4.2]
	at com.rota.facil.auth_service.Application.main(Application.java:10) ~[classes/:na]
Caused by: jakarta.persistence.PersistenceException: [PersistenceUnit: default] Unable to build Hibernate SessionFactory; nested exception is org.hibernate.tool.schema.spi.SchemaManagementException: Schema-validation: missing column [completed_trips] in table [users_tb]
	at org.springframework.orm.jpa.AbstractEntityManagerFactoryBean.buildNativeEntityManagerFactory(AbstractEntityManagerFactoryBean.java:431) ~[spring-orm-6.2.2.jar:6.2.2]
	at org.springframework.orm.jpa.AbstractEntityManagerFactoryBean.afterPropertiesSet(AbstractEntityManagerFactoryBean.java:400) ~[spring-orm-6.2.2.jar:6.2.2]
	at org.springframework.orm.jpa.LocalContainerEntityManagerFactoryBean.afterPropertiesSet(LocalContainerEntityManagerFactoryBean.java:366) ~[spring-orm-6.2.2.jar:6.2.2]
	at org.springframework.beans.factory.support.AbstractAutowireCapableBeanFactory.invokeInitMethods(AbstractAutowireCapableBeanFactory.java:1859) ~[spring-beans-6.2.2.jar:6.2.2]
	at org.springframework.beans.factory.support.AbstractAutowireCapableBeanFactory.initializeBean(AbstractAutowireCapableBeanFactory.java:1808) ~[spring-beans-6.2.2.jar:6.2.2]
	... 15 common frames omitted
Caused by: org.hibernate.tool.schema.spi.SchemaManagementException: Schema-validation: missing column [completed_trips] in table [users_tb]
	at org.hibernate.tool.schema.internal.AbstractSchemaValidator.validateTable(AbstractSchemaValidator.java:149) ~[hibernate-core-6.6.5.Final.jar:6.6.5.Final]
	at org.hibernate.tool.schema.internal.GroupedSchemaValidatorImpl.validateTables(GroupedSchemaValidatorImpl.java:46) ~[hibernate-core-6.6.5.Final.jar:6.6.5.Final]
	at org.hibernate.tool.schema.internal.AbstractSchemaValidator.performValidation(AbstractSchemaValidator.java:99) ~[hibernate-core-6.6.5.Final.jar:6.6.5.Final]
	at org.hibernate.tool.schema.internal.AbstractSchemaValidator.doValidation(AbstractSchemaValidator.java:77) ~[hibernate-core-6.6.5.Final.jar:6.6.5.Final]
	at org.hibernate.tool.schema.spi.SchemaManagementToolCoordinator.performDatabaseAction(SchemaManagementToolCoordinator.java:289) ~[hibernate-core-6.6.5.Final.jar:6.6.5.Final]
	at org.hibernate.tool.schema.spi.SchemaManagementToolCoordinator.lambda$process$5(SchemaManagementToolCoordinator.java:144) ~[hibernate-core-6.6.5.Final.jar:6.6.5.Final]
	at java.base/java.util.HashMap.forEach(HashMap.java:1429) ~[na:na]
	at org.hibernate.tool.schema.spi.SchemaManagementToolCoordinator.process(SchemaManagementToolCoordinator.java:141) ~[hibernate-core-6.6.5.Final.jar:6.6.5.Final]
	at org.hibernate.boot.internal.SessionFactoryObserverForSchemaExport.sessionFactoryCreated(SessionFactoryObserverForSchemaExport.java:37) ~[hibernate-core-6.6.5.Final.jar:6.6.5.Final]
	at org.hibernate.internal.SessionFactoryObserverChain.sessionFactoryCreated(SessionFactoryObserverChain.java:35) ~[hibernate-core-6.6.5.Final.jar:6.6.5.Final]
	at org.hibernate.internal.SessionFactoryImpl.<init>(SessionFactoryImpl.java:324) ~[hibernate-core-6.6.5.Final.jar:6.6.5.Final]
	at org.hibernate.boot.internal.SessionFactoryBuilderImpl.build(SessionFactoryBuilderImpl.java:463) ~[hibernate-core-6.6.5.Final.jar:6.6.5.Final]
	at org.hibernate.jpa.boot.internal.EntityManagerFactoryBuilderImpl.build(EntityManagerFactoryBuilderImpl.java:1506) ~[hibernate-core-6.6.5.Final.jar:6.6.5.Final]
	at org.springframework.orm.jpa.vendor.SpringHibernateJpaPersistenceProvider.createContainerEntityManagerFactory(SpringHibernateJpaPersistenceProvider.java:66) ~[spring-orm-6.2.2.jar:6.2.2]
	at org.springframework.orm.jpa.LocalContainerEntityManagerFactoryBean.createNativeEntityManagerFactory(LocalContainerEntityManagerFactoryBean.java:390) ~[spring-orm-6.2.2.jar:6.2.2]
	at org.springframework.orm.jpa.AbstractEntityManagerFactoryBean.buildNativeEntityManagerFactory(AbstractEntityManagerFactoryBean.java:419) ~[spring-orm-6.2.2.jar:6.2.2]
	... 19 common frames omitted

2026-06-16T18:56:26.354-03:00  INFO 131772 --- [auth-service] [main] [                                                 ] c.rota.facil.auth_service.Application    : Starting Application using Java 21.0.11 with PID 131772 (/home/tagashi/rota-facil/auth-service/target/classes started by tagashi in /home/tagashi/rota-facil/auth-service)
2026-06-16T18:56:26.358-03:00  INFO 131772 --- [auth-service] [main] [                                                 ] c.rota.facil.auth_service.Application    : No active profile set, falling back to 1 default profile: "default"
2026-06-16T18:56:29.190-03:00  INFO 131772 --- [auth-service] [main] [                                                 ] .s.d.r.c.RepositoryConfigurationDelegate : Bootstrapping Spring Data JPA repositories in DEFAULT mode.
2026-06-16T18:56:29.393-03:00  INFO 131772 --- [auth-service] [main] [                                                 ] .s.d.r.c.RepositoryConfigurationDelegate : Finished Spring Data repository scanning in 188 ms. Found 3 JPA repository interfaces.
2026-06-16T18:56:30.004-03:00  INFO 131772 --- [auth-service] [main] [                                                 ] o.s.cloud.context.scope.GenericScope     : BeanFactory id=2e297707-24db-38d0-b34a-0e113f385312
2026-06-16T18:56:31.110-03:00  INFO 131772 --- [auth-service] [main] [                                                 ] o.s.b.w.embedded.tomcat.TomcatWebServer  : Tomcat initialized with port 8084 (http)
2026-06-16T18:56:31.137-03:00  INFO 131772 --- [auth-service] [main] [                                                 ] o.apache.catalina.core.StandardService   : Starting service [Tomcat]
2026-06-16T18:56:31.138-03:00  INFO 131772 --- [auth-service] [main] [                                                 ] o.apache.catalina.core.StandardEngine    : Starting Servlet engine: [Apache Tomcat/10.1.34]
2026-06-16T18:56:31.237-03:00  INFO 131772 --- [auth-service] [main] [                                                 ] o.a.c.c.C.[Tomcat].[localhost].[/auth]   : Initializing Spring embedded WebApplicationContext
2026-06-16T18:56:31.238-03:00  INFO 131772 --- [auth-service] [main] [                                                 ] w.s.c.ServletWebServerApplicationContext : Root WebApplicationContext: initialization completed in 4812 ms
2026-06-16T18:56:31.862-03:00  INFO 131772 --- [auth-service] [main] [                                                 ] i.m.c.instrument.push.PushMeterRegistry  : Publishing metrics for OtlpMeterRegistry every 1m to http://localhost:4318/v1/metrics with resource attributes {service.name=auth-service}
2026-06-16T18:56:32.530-03:00  INFO 131772 --- [auth-service] [main] [                                                 ] com.zaxxer.hikari.HikariDataSource       : HikariPool-1 - Starting...
2026-06-16T18:56:32.867-03:00  INFO 131772 --- [auth-service] [main] [                                                 ] com.zaxxer.hikari.pool.HikariPool        : HikariPool-1 - Added connection org.postgresql.jdbc.PgConnection@1e5e3147
2026-06-16T18:56:32.871-03:00  INFO 131772 --- [auth-service] [main] [                                                 ] com.zaxxer.hikari.HikariDataSource       : HikariPool-1 - Start completed.
2026-06-16T18:56:32.920-03:00  INFO 131772 --- [auth-service] [main] [                                                 ] org.flywaydb.core.FlywayExecutor         : Database: jdbc:postgresql://localhost:5434/auth_database (PostgreSQL 16.14)
2026-06-16T18:56:33.031-03:00  WARN 131772 --- [auth-service] [main] [                                                 ] ConfigServletWebServerApplicationContext : Exception encountered during context initialization - cancelling refresh attempt: org.springframework.beans.factory.BeanCreationException: Error creating bean with name 'entityManagerFactory' defined in class path resource [org/springframework/boot/autoconfigure/orm/jpa/HibernateJpaConfiguration.class]: Failed to initialize dependency 'flywayInitializer' of LoadTimeWeaverAware bean 'entityManagerFactory': Error creating bean with name 'flywayInitializer' defined in class path resource [org/springframework/boot/autoconfigure/flyway/FlywayAutoConfiguration$FlywayConfiguration.class]: Validate failed: Migrations have failed validation
Migration checksum mismatch for migration version 1.0.1
-> Applied to database : 2012384507
-> Resolved locally    : 1015809558
Either revert the changes to the migration, or run repair to update the schema history.
Need more flexibility with validation rules? Learn more: https://rd.gt/3AbJUZE
2026-06-16T18:56:33.032-03:00  INFO 131772 --- [auth-service] [main] [                                                 ] com.zaxxer.hikari.HikariDataSource       : HikariPool-1 - Shutdown initiated...
2026-06-16T18:56:33.043-03:00  INFO 131772 --- [auth-service] [main] [                                                 ] com.zaxxer.hikari.HikariDataSource       : HikariPool-1 - Shutdown completed.
2026-06-16T18:56:33.052-03:00  INFO 131772 --- [auth-service] [main] [                                                 ] i.o.sdk.logs.SdkLoggerProvider           : Calling shutdown() multiple times.
2026-06-16T18:56:33.053-03:00  INFO 131772 --- [auth-service] [main] [                                                 ] i.o.sdk.trace.SdkTracerProvider          : Calling shutdown() multiple times.
2026-06-16T18:56:33.054-03:00  INFO 131772 --- [auth-service] [main] [                                                 ] i.o.exporter.internal.http.HttpExporter  : Calling shutdown() multiple times.
2026-06-16T18:56:33.060-03:00  INFO 131772 --- [auth-service] [main] [                                                 ] o.apache.catalina.core.StandardService   : Stopping service [Tomcat]
2026-06-16T18:56:33.064-03:00  WARN 131772 --- [auth-service] [main] [                                                 ] o.a.c.loader.WebappClassLoaderBase       : The web application [auth] appears to have started a thread named [BatchSpanProcessor_WorkerThread-1] but has failed to stop it. This is very likely to create a memory leak. Stack trace of thread:
 java.base/jdk.internal.misc.Unsafe.park(Native Method)
 java.base/java.util.concurrent.locks.LockSupport.parkNanos(LockSupport.java:269)
 java.base/java.util.concurrent.locks.AbstractQueuedSynchronizer$ConditionObject.awaitNanos(AbstractQueuedSynchronizer.java:1797)
 java.base/java.util.concurrent.ArrayBlockingQueue.poll(ArrayBlockingQueue.java:435)
 io.opentelemetry.sdk.trace.export.BatchSpanProcessor$Worker.run(BatchSpanProcessor.java:266)
 java.base/java.lang.Thread.run(Thread.java:1583)
2026-06-16T18:56:33.065-03:00  WARN 131772 --- [auth-service] [main] [                                                 ] o.a.c.loader.WebappClassLoaderBase       : The web application [auth] appears to have started a thread named [BatchLogRecordProcessor_WorkerThread-1] but has failed to stop it. This is very likely to create a memory leak. Stack trace of thread:
 java.base/jdk.internal.misc.Unsafe.park(Native Method)
 java.base/java.util.concurrent.locks.LockSupport.parkNanos(LockSupport.java:269)
 java.base/java.util.concurrent.locks.AbstractQueuedSynchronizer$ConditionObject.awaitNanos(AbstractQueuedSynchronizer.java:1797)
 java.base/java.util.concurrent.ArrayBlockingQueue.poll(ArrayBlockingQueue.java:435)
 io.opentelemetry.sdk.logs.export.BatchLogRecordProcessor$Worker.run(BatchLogRecordProcessor.java:246)
 java.base/java.lang.Thread.run(Thread.java:1583)
2026-06-16T18:56:33.118-03:00  INFO 131772 --- [auth-service] [main] [                                                 ] .s.b.a.l.ConditionEvaluationReportLogger : 

Error starting ApplicationContext. To display the condition evaluation report re-run your application with 'debug' enabled.
2026-06-16T18:56:33.162-03:00 ERROR 131772 --- [auth-service] [main] [                                                 ] o.s.boot.SpringApplication               : Application run failed

org.springframework.beans.factory.BeanCreationException: Error creating bean with name 'entityManagerFactory' defined in class path resource [org/springframework/boot/autoconfigure/orm/jpa/HibernateJpaConfiguration.class]: Failed to initialize dependency 'flywayInitializer' of LoadTimeWeaverAware bean 'entityManagerFactory': Error creating bean with name 'flywayInitializer' defined in class path resource [org/springframework/boot/autoconfigure/flyway/FlywayAutoConfiguration$FlywayConfiguration.class]: Validate failed: Migrations have failed validation
Migration checksum mismatch for migration version 1.0.1
-> Applied to database : 2012384507
-> Resolved locally    : 1015809558
Either revert the changes to the migration, or run repair to update the schema history.
Need more flexibility with validation rules? Learn more: https://rd.gt/3AbJUZE
	at org.springframework.beans.factory.support.AbstractBeanFactory.doGetBean(AbstractBeanFactory.java:325) ~[spring-beans-6.2.2.jar:6.2.2]
	at org.springframework.beans.factory.support.AbstractBeanFactory.getBean(AbstractBeanFactory.java:204) ~[spring-beans-6.2.2.jar:6.2.2]
	at org.springframework.context.support.AbstractApplicationContext.finishBeanFactoryInitialization(AbstractApplicationContext.java:970) ~[spring-context-6.2.2.jar:6.2.2]
	at org.springframework.context.support.AbstractApplicationContext.refresh(AbstractApplicationContext.java:627) ~[spring-context-6.2.2.jar:6.2.2]
	at org.springframework.boot.web.servlet.context.ServletWebServerApplicationContext.refresh(ServletWebServerApplicationContext.java:146) ~[spring-boot-3.4.2.jar:3.4.2]
	at org.springframework.boot.SpringApplication.refresh(SpringApplication.java:752) ~[spring-boot-3.4.2.jar:3.4.2]
	at org.springframework.boot.SpringApplication.refreshContext(SpringApplication.java:439) ~[spring-boot-3.4.2.jar:3.4.2]
	at org.springframework.boot.SpringApplication.run(SpringApplication.java:318) ~[spring-boot-3.4.2.jar:3.4.2]
	at org.springframework.boot.SpringApplication.run(SpringApplication.java:1361) ~[spring-boot-3.4.2.jar:3.4.2]
	at org.springframework.boot.SpringApplication.run(SpringApplication.java:1350) ~[spring-boot-3.4.2.jar:3.4.2]
	at com.rota.facil.auth_service.Application.main(Application.java:10) ~[classes/:na]
Caused by: org.springframework.beans.factory.BeanCreationException: Error creating bean with name 'flywayInitializer' defined in class path resource [org/springframework/boot/autoconfigure/flyway/FlywayAutoConfiguration$FlywayConfiguration.class]: Validate failed: Migrations have failed validation
Migration checksum mismatch for migration version 1.0.1
-> Applied to database : 2012384507
-> Resolved locally    : 1015809558
Either revert the changes to the migration, or run repair to update the schema history.
Need more flexibility with validation rules? Learn more: https://rd.gt/3AbJUZE
	at org.springframework.beans.factory.support.AbstractAutowireCapableBeanFactory.initializeBean(AbstractAutowireCapableBeanFactory.java:1812) ~[spring-beans-6.2.2.jar:6.2.2]
	at org.springframework.beans.factory.support.AbstractAutowireCapableBeanFactory.doCreateBean(AbstractAutowireCapableBeanFactory.java:601) ~[spring-beans-6.2.2.jar:6.2.2]
	at org.springframework.beans.factory.support.AbstractAutowireCapableBeanFactory.createBean(AbstractAutowireCapableBeanFactory.java:523) ~[spring-beans-6.2.2.jar:6.2.2]
	at org.springframework.beans.factory.support.AbstractBeanFactory.lambda$doGetBean$0(AbstractBeanFactory.java:336) ~[spring-beans-6.2.2.jar:6.2.2]
	at org.springframework.beans.factory.support.DefaultSingletonBeanRegistry.getSingleton(DefaultSingletonBeanRegistry.java:307) ~[spring-beans-6.2.2.jar:6.2.2]
	at org.springframework.beans.factory.support.AbstractBeanFactory.doGetBean(AbstractBeanFactory.java:334) ~[spring-beans-6.2.2.jar:6.2.2]
	at org.springframework.beans.factory.support.AbstractBeanFactory.getBean(AbstractBeanFactory.java:199) ~[spring-beans-6.2.2.jar:6.2.2]
	at org.springframework.beans.factory.support.AbstractBeanFactory.doGetBean(AbstractBeanFactory.java:312) ~[spring-beans-6.2.2.jar:6.2.2]
	... 10 common frames omitted
Caused by: org.flywaydb.core.api.exception.FlywayValidateException: Validate failed: Migrations have failed validation
Migration checksum mismatch for migration version 1.0.1
-> Applied to database : 2012384507
-> Resolved locally    : 1015809558
Either revert the changes to the migration, or run repair to update the schema history.
Need more flexibility with validation rules? Learn more: https://rd.gt/3AbJUZE
	at org.flywaydb.core.Flyway.lambda$migrate$1(Flyway.java:189) ~[flyway-core-10.20.1.jar:na]
	at org.flywaydb.core.FlywayExecutor.execute(FlywayExecutor.java:213) ~[flyway-core-10.20.1.jar:na]
	at org.flywaydb.core.Flyway.migrate(Flyway.java:176) ~[flyway-core-10.20.1.jar:na]
	at org.springframework.boot.autoconfigure.flyway.FlywayMigrationInitializer.afterPropertiesSet(FlywayMigrationInitializer.java:66) ~[spring-boot-autoconfigure-3.4.2.jar:3.4.2]
	at org.springframework.beans.factory.support.AbstractAutowireCapableBeanFactory.invokeInitMethods(AbstractAutowireCapableBeanFactory.java:1859) ~[spring-beans-6.2.2.jar:6.2.2]
	at org.springframework.beans.factory.support.AbstractAutowireCapableBeanFactory.initializeBean(AbstractAutowireCapableBeanFactory.java:1808) ~[spring-beans-6.2.2.jar:6.2.2]
	... 17 common frames omitted

2026-06-16T18:56:55.225-03:00  INFO 132154 --- [auth-service] [main] [                                                 ] c.rota.facil.auth_service.Application    : Starting Application using Java 21.0.11 with PID 132154 (/home/tagashi/rota-facil/auth-service/target/classes started by tagashi in /home/tagashi/rota-facil/auth-service)
2026-06-16T18:56:55.233-03:00  INFO 132154 --- [auth-service] [main] [                                                 ] c.rota.facil.auth_service.Application    : No active profile set, falling back to 1 default profile: "default"
2026-06-16T18:56:57.643-03:00  INFO 132154 --- [auth-service] [main] [                                                 ] .s.d.r.c.RepositoryConfigurationDelegate : Bootstrapping Spring Data JPA repositories in DEFAULT mode.
2026-06-16T18:56:57.850-03:00  INFO 132154 --- [auth-service] [main] [                                                 ] .s.d.r.c.RepositoryConfigurationDelegate : Finished Spring Data repository scanning in 194 ms. Found 3 JPA repository interfaces.
2026-06-16T18:56:58.357-03:00  INFO 132154 --- [auth-service] [main] [                                                 ] o.s.cloud.context.scope.GenericScope     : BeanFactory id=2e297707-24db-38d0-b34a-0e113f385312
2026-06-16T18:56:59.644-03:00  INFO 132154 --- [auth-service] [main] [                                                 ] o.s.b.w.embedded.tomcat.TomcatWebServer  : Tomcat initialized with port 8084 (http)
2026-06-16T18:56:59.675-03:00  INFO 132154 --- [auth-service] [main] [                                                 ] o.apache.catalina.core.StandardService   : Starting service [Tomcat]
2026-06-16T18:56:59.677-03:00  INFO 132154 --- [auth-service] [main] [                                                 ] o.apache.catalina.core.StandardEngine    : Starting Servlet engine: [Apache Tomcat/10.1.34]
2026-06-16T18:56:59.813-03:00  INFO 132154 --- [auth-service] [main] [                                                 ] o.a.c.c.C.[Tomcat].[localhost].[/auth]   : Initializing Spring embedded WebApplicationContext
2026-06-16T18:56:59.814-03:00  INFO 132154 --- [auth-service] [main] [                                                 ] w.s.c.ServletWebServerApplicationContext : Root WebApplicationContext: initialization completed in 4464 ms
2026-06-16T18:57:00.474-03:00  INFO 132154 --- [auth-service] [main] [                                                 ] i.m.c.instrument.push.PushMeterRegistry  : Publishing metrics for OtlpMeterRegistry every 1m to http://localhost:4318/v1/metrics with resource attributes {service.name=auth-service}
2026-06-16T18:57:01.295-03:00  INFO 132154 --- [auth-service] [main] [                                                 ] com.zaxxer.hikari.HikariDataSource       : HikariPool-1 - Starting...
2026-06-16T18:57:01.532-03:00  INFO 132154 --- [auth-service] [main] [                                                 ] com.zaxxer.hikari.pool.HikariPool        : HikariPool-1 - Added connection org.postgresql.jdbc.PgConnection@7d0df326
2026-06-16T18:57:01.534-03:00  INFO 132154 --- [auth-service] [main] [                                                 ] com.zaxxer.hikari.HikariDataSource       : HikariPool-1 - Start completed.
2026-06-16T18:57:01.576-03:00  INFO 132154 --- [auth-service] [main] [                                                 ] org.flywaydb.core.FlywayExecutor         : Database: jdbc:postgresql://localhost:5434/auth_database (PostgreSQL 16.14)
2026-06-16T18:57:01.640-03:00  INFO 132154 --- [auth-service] [main] [                                                 ] o.f.c.i.s.JdbcTableSchemaHistory         : Schema history table "public"."flyway_schema_history" does not exist yet
2026-06-16T18:57:01.647-03:00  INFO 132154 --- [auth-service] [main] [                                                 ] o.f.core.internal.command.DbValidate     : Successfully validated 4 migrations (execution time 00:00.033s)
2026-06-16T18:57:01.681-03:00  INFO 132154 --- [auth-service] [main] [                                                 ] o.f.c.i.s.JdbcTableSchemaHistory         : Creating Schema History table "public"."flyway_schema_history" ...
2026-06-16T18:57:01.772-03:00  INFO 132154 --- [auth-service] [main] [                                                 ] o.f.core.internal.command.DbMigrate      : Current version of schema "public": << Empty Schema >>
2026-06-16T18:57:01.792-03:00  INFO 132154 --- [auth-service] [main] [                                                 ] o.f.core.internal.command.DbMigrate      : Migrating schema "public" to version "1.0.0 - create prefectures"
2026-06-16T18:57:01.847-03:00  INFO 132154 --- [auth-service] [main] [                                                 ] o.f.core.internal.command.DbMigrate      : Migrating schema "public" to version "1.0.1 - create users tb"
2026-06-16T18:57:01.888-03:00 ERROR 132154 --- [auth-service] [main] [                                                 ] o.f.core.internal.command.DbMigrate      : Migration of schema "public" to version "1.0.1 - create users tb" failed! Changes successfully rolled back.
2026-06-16T18:57:01.901-03:00  WARN 132154 --- [auth-service] [main] [                                                 ] ConfigServletWebServerApplicationContext : Exception encountered during context initialization - cancelling refresh attempt: org.springframework.beans.factory.BeanCreationException: Error creating bean with name 'entityManagerFactory' defined in class path resource [org/springframework/boot/autoconfigure/orm/jpa/HibernateJpaConfiguration.class]: Failed to initialize dependency 'flywayInitializer' of LoadTimeWeaverAware bean 'entityManagerFactory': Error creating bean with name 'flywayInitializer' defined in class path resource [org/springframework/boot/autoconfigure/flyway/FlywayAutoConfiguration$FlywayConfiguration.class]: Script V1.0.1__create_users_tb.sql failed
-----------------------------------------
SQL State  : 42704
Error Code : 0
Message    : ERROR: type "long" does not exist
  Posição: 247
Location   : db/migration/V1.0.1__create_users_tb.sql (/home/tagashi/rota-facil/auth-service/target/classes/db/migration/V1.0.1__create_users_tb.sql)
Line       : 1
Statement  : Run Flyway with -X option to see the actual statement causing the problem

2026-06-16T18:57:01.902-03:00  INFO 132154 --- [auth-service] [main] [                                                 ] com.zaxxer.hikari.HikariDataSource       : HikariPool-1 - Shutdown initiated...
2026-06-16T18:57:01.934-03:00  INFO 132154 --- [auth-service] [main] [                                                 ] com.zaxxer.hikari.HikariDataSource       : HikariPool-1 - Shutdown completed.
2026-06-16T18:57:01.940-03:00  INFO 132154 --- [auth-service] [main] [                                                 ] i.o.sdk.logs.SdkLoggerProvider           : Calling shutdown() multiple times.
2026-06-16T18:57:01.941-03:00  INFO 132154 --- [auth-service] [main] [                                                 ] i.o.sdk.trace.SdkTracerProvider          : Calling shutdown() multiple times.
2026-06-16T18:57:01.942-03:00  INFO 132154 --- [auth-service] [main] [                                                 ] i.o.exporter.internal.http.HttpExporter  : Calling shutdown() multiple times.
2026-06-16T18:57:01.949-03:00  INFO 132154 --- [auth-service] [main] [                                                 ] o.apache.catalina.core.StandardService   : Stopping service [Tomcat]
2026-06-16T18:57:01.955-03:00  WARN 132154 --- [auth-service] [main] [                                                 ] o.a.c.loader.WebappClassLoaderBase       : The web application [auth] appears to have started a thread named [BatchSpanProcessor_WorkerThread-1] but has failed to stop it. This is very likely to create a memory leak. Stack trace of thread:
 java.base/jdk.internal.misc.Unsafe.park(Native Method)
 java.base/java.util.concurrent.locks.LockSupport.parkNanos(LockSupport.java:269)
 java.base/java.util.concurrent.locks.AbstractQueuedSynchronizer$ConditionObject.awaitNanos(AbstractQueuedSynchronizer.java:1797)
 java.base/java.util.concurrent.ArrayBlockingQueue.poll(ArrayBlockingQueue.java:435)
 io.opentelemetry.sdk.trace.export.BatchSpanProcessor$Worker.run(BatchSpanProcessor.java:266)
 java.base/java.lang.Thread.run(Thread.java:1583)
2026-06-16T18:57:01.956-03:00  WARN 132154 --- [auth-service] [main] [                                                 ] o.a.c.loader.WebappClassLoaderBase       : The web application [auth] appears to have started a thread named [BatchLogRecordProcessor_WorkerThread-1] but has failed to stop it. This is very likely to create a memory leak. Stack trace of thread:
 java.base/jdk.internal.misc.Unsafe.park(Native Method)
 java.base/java.util.concurrent.locks.LockSupport.parkNanos(LockSupport.java:269)
 java.base/java.util.concurrent.locks.AbstractQueuedSynchronizer$ConditionObject.awaitNanos(AbstractQueuedSynchronizer.java:1797)
 java.base/java.util.concurrent.ArrayBlockingQueue.poll(ArrayBlockingQueue.java:435)
 io.opentelemetry.sdk.logs.export.BatchLogRecordProcessor$Worker.run(BatchLogRecordProcessor.java:246)
 java.base/java.lang.Thread.run(Thread.java:1583)
2026-06-16T18:57:01.996-03:00  INFO 132154 --- [auth-service] [main] [                                                 ] .s.b.a.l.ConditionEvaluationReportLogger : 

Error starting ApplicationContext. To display the condition evaluation report re-run your application with 'debug' enabled.
2026-06-16T18:57:02.042-03:00 ERROR 132154 --- [auth-service] [main] [                                                 ] o.s.boot.SpringApplication               : Application run failed

org.springframework.beans.factory.BeanCreationException: Error creating bean with name 'entityManagerFactory' defined in class path resource [org/springframework/boot/autoconfigure/orm/jpa/HibernateJpaConfiguration.class]: Failed to initialize dependency 'flywayInitializer' of LoadTimeWeaverAware bean 'entityManagerFactory': Error creating bean with name 'flywayInitializer' defined in class path resource [org/springframework/boot/autoconfigure/flyway/FlywayAutoConfiguration$FlywayConfiguration.class]: Script V1.0.1__create_users_tb.sql failed
-----------------------------------------
SQL State  : 42704
Error Code : 0
Message    : ERROR: type "long" does not exist
  Posição: 247
Location   : db/migration/V1.0.1__create_users_tb.sql (/home/tagashi/rota-facil/auth-service/target/classes/db/migration/V1.0.1__create_users_tb.sql)
Line       : 1
Statement  : Run Flyway with -X option to see the actual statement causing the problem

	at org.springframework.beans.factory.support.AbstractBeanFactory.doGetBean(AbstractBeanFactory.java:325) ~[spring-beans-6.2.2.jar:6.2.2]
	at org.springframework.beans.factory.support.AbstractBeanFactory.getBean(AbstractBeanFactory.java:204) ~[spring-beans-6.2.2.jar:6.2.2]
	at org.springframework.context.support.AbstractApplicationContext.finishBeanFactoryInitialization(AbstractApplicationContext.java:970) ~[spring-context-6.2.2.jar:6.2.2]
	at org.springframework.context.support.AbstractApplicationContext.refresh(AbstractApplicationContext.java:627) ~[spring-context-6.2.2.jar:6.2.2]
	at org.springframework.boot.web.servlet.context.ServletWebServerApplicationContext.refresh(ServletWebServerApplicationContext.java:146) ~[spring-boot-3.4.2.jar:3.4.2]
	at org.springframework.boot.SpringApplication.refresh(SpringApplication.java:752) ~[spring-boot-3.4.2.jar:3.4.2]
	at org.springframework.boot.SpringApplication.refreshContext(SpringApplication.java:439) ~[spring-boot-3.4.2.jar:3.4.2]
	at org.springframework.boot.SpringApplication.run(SpringApplication.java:318) ~[spring-boot-3.4.2.jar:3.4.2]
	at org.springframework.boot.SpringApplication.run(SpringApplication.java:1361) ~[spring-boot-3.4.2.jar:3.4.2]
	at org.springframework.boot.SpringApplication.run(SpringApplication.java:1350) ~[spring-boot-3.4.2.jar:3.4.2]
	at com.rota.facil.auth_service.Application.main(Application.java:10) ~[classes/:na]
Caused by: org.springframework.beans.factory.BeanCreationException: Error creating bean with name 'flywayInitializer' defined in class path resource [org/springframework/boot/autoconfigure/flyway/FlywayAutoConfiguration$FlywayConfiguration.class]: Script V1.0.1__create_users_tb.sql failed
-----------------------------------------
SQL State  : 42704
Error Code : 0
Message    : ERROR: type "long" does not exist
  Posição: 247
Location   : db/migration/V1.0.1__create_users_tb.sql (/home/tagashi/rota-facil/auth-service/target/classes/db/migration/V1.0.1__create_users_tb.sql)
Line       : 1
Statement  : Run Flyway with -X option to see the actual statement causing the problem

	at org.springframework.beans.factory.support.AbstractAutowireCapableBeanFactory.initializeBean(AbstractAutowireCapableBeanFactory.java:1812) ~[spring-beans-6.2.2.jar:6.2.2]
	at org.springframework.beans.factory.support.AbstractAutowireCapableBeanFactory.doCreateBean(AbstractAutowireCapableBeanFactory.java:601) ~[spring-beans-6.2.2.jar:6.2.2]
	at org.springframework.beans.factory.support.AbstractAutowireCapableBeanFactory.createBean(AbstractAutowireCapableBeanFactory.java:523) ~[spring-beans-6.2.2.jar:6.2.2]
	at org.springframework.beans.factory.support.AbstractBeanFactory.lambda$doGetBean$0(AbstractBeanFactory.java:336) ~[spring-beans-6.2.2.jar:6.2.2]
	at org.springframework.beans.factory.support.DefaultSingletonBeanRegistry.getSingleton(DefaultSingletonBeanRegistry.java:307) ~[spring-beans-6.2.2.jar:6.2.2]
	at org.springframework.beans.factory.support.AbstractBeanFactory.doGetBean(AbstractBeanFactory.java:334) ~[spring-beans-6.2.2.jar:6.2.2]
	at org.springframework.beans.factory.support.AbstractBeanFactory.getBean(AbstractBeanFactory.java:199) ~[spring-beans-6.2.2.jar:6.2.2]
	at org.springframework.beans.factory.support.AbstractBeanFactory.doGetBean(AbstractBeanFactory.java:312) ~[spring-beans-6.2.2.jar:6.2.2]
	... 10 common frames omitted
Caused by: org.flywaydb.core.internal.exception.FlywayMigrateException: Script V1.0.1__create_users_tb.sql failed
-----------------------------------------
SQL State  : 42704
Error Code : 0
Message    : ERROR: type "long" does not exist
  Posição: 247
Location   : db/migration/V1.0.1__create_users_tb.sql (/home/tagashi/rota-facil/auth-service/target/classes/db/migration/V1.0.1__create_users_tb.sql)
Line       : 1
Statement  : Run Flyway with -X option to see the actual statement causing the problem

	at org.flywaydb.core.internal.command.DbMigrate.doMigrateGroup(DbMigrate.java:399) ~[flyway-core-10.20.1.jar:na]
	at org.flywaydb.core.internal.command.DbMigrate.lambda$applyMigrations$1(DbMigrate.java:283) ~[flyway-core-10.20.1.jar:na]
	at org.flywaydb.core.internal.jdbc.TransactionalExecutionTemplate.execute(TransactionalExecutionTemplate.java:59) ~[flyway-core-10.20.1.jar:na]
	at org.flywaydb.core.internal.command.DbMigrate.applyMigrations(DbMigrate.java:282) ~[flyway-core-10.20.1.jar:na]
	at org.flywaydb.core.internal.command.DbMigrate.migrateGroup(DbMigrate.java:255) ~[flyway-core-10.20.1.jar:na]
	at org.flywaydb.core.internal.command.DbMigrate.lambda$migrateAll$0(DbMigrate.java:153) ~[flyway-core-10.20.1.jar:na]
	at org.flywaydb.database.postgresql.PostgreSQLAdvisoryLockTemplate.execute(PostgreSQLAdvisoryLockTemplate.java:77) ~[flyway-database-postgresql-10.20.1.jar:na]
	at org.flywaydb.database.postgresql.PostgreSQLAdvisoryLockTemplate.lambda$execute$0(PostgreSQLAdvisoryLockTemplate.java:60) ~[flyway-database-postgresql-10.20.1.jar:na]
	at org.flywaydb.core.internal.jdbc.TransactionalExecutionTemplate.execute(TransactionalExecutionTemplate.java:59) ~[flyway-core-10.20.1.jar:na]
	at org.flywaydb.database.postgresql.PostgreSQLAdvisoryLockTemplate.execute(PostgreSQLAdvisoryLockTemplate.java:60) ~[flyway-database-postgresql-10.20.1.jar:na]
	at org.flywaydb.database.postgresql.PostgreSQLConnection.lock(PostgreSQLConnection.java:105) ~[flyway-database-postgresql-10.20.1.jar:na]
	at org.flywaydb.core.internal.schemahistory.JdbcTableSchemaHistory.lock(JdbcTableSchemaHistory.java:149) ~[flyway-core-10.20.1.jar:na]
	at org.flywaydb.core.internal.command.DbMigrate.migrateAll(DbMigrate.java:153) ~[flyway-core-10.20.1.jar:na]
	at org.flywaydb.core.internal.command.DbMigrate.migrate(DbMigrate.java:104) ~[flyway-core-10.20.1.jar:na]
	at org.flywaydb.core.Flyway.lambda$migrate$1(Flyway.java:230) ~[flyway-core-10.20.1.jar:na]
	at org.flywaydb.core.FlywayExecutor.execute(FlywayExecutor.java:213) ~[flyway-core-10.20.1.jar:na]
	at org.flywaydb.core.Flyway.migrate(Flyway.java:176) ~[flyway-core-10.20.1.jar:na]
	at org.springframework.boot.autoconfigure.flyway.FlywayMigrationInitializer.afterPropertiesSet(FlywayMigrationInitializer.java:66) ~[spring-boot-autoconfigure-3.4.2.jar:3.4.2]
	at org.springframework.beans.factory.support.AbstractAutowireCapableBeanFactory.invokeInitMethods(AbstractAutowireCapableBeanFactory.java:1859) ~[spring-beans-6.2.2.jar:6.2.2]
	at org.springframework.beans.factory.support.AbstractAutowireCapableBeanFactory.initializeBean(AbstractAutowireCapableBeanFactory.java:1808) ~[spring-beans-6.2.2.jar:6.2.2]
	... 17 common frames omitted
Caused by: org.flywaydb.core.internal.sqlscript.FlywaySqlScriptException: Script V1.0.1__create_users_tb.sql failed
-----------------------------------------
SQL State  : 42704
Error Code : 0
Message    : ERROR: type "long" does not exist
  Posição: 247
Location   : db/migration/V1.0.1__create_users_tb.sql (/home/tagashi/rota-facil/auth-service/target/classes/db/migration/V1.0.1__create_users_tb.sql)
Line       : 1
Statement  : Run Flyway with -X option to see the actual statement causing the problem

	at org.flywaydb.core.internal.sqlscript.DefaultSqlScriptExecutor.handleException(DefaultSqlScriptExecutor.java:256) ~[flyway-core-10.20.1.jar:na]
	at org.flywaydb.core.internal.sqlscript.DefaultSqlScriptExecutor.executeStatement(DefaultSqlScriptExecutor.java:217) ~[flyway-core-10.20.1.jar:na]
	at org.flywaydb.core.internal.sqlscript.DefaultSqlScriptExecutor.execute(DefaultSqlScriptExecutor.java:137) ~[flyway-core-10.20.1.jar:na]
	at org.flywaydb.core.internal.resolver.sql.SqlMigrationExecutor.executeOnce(SqlMigrationExecutor.java:75) ~[flyway-core-10.20.1.jar:na]
	at org.flywaydb.core.internal.resolver.sql.SqlMigrationExecutor.lambda$execute$0(SqlMigrationExecutor.java:66) ~[flyway-core-10.20.1.jar:na]
	at org.flywaydb.core.internal.database.DefaultExecutionStrategy.execute(DefaultExecutionStrategy.java:31) ~[flyway-core-10.20.1.jar:na]
	at org.flywaydb.core.internal.resolver.sql.SqlMigrationExecutor.execute(SqlMigrationExecutor.java:65) ~[flyway-core-10.20.1.jar:na]
	at org.flywaydb.core.internal.command.DbMigrate.doMigrateGroup(DbMigrate.java:391) ~[flyway-core-10.20.1.jar:na]
	... 36 common frames omitted
Caused by: org.postgresql.util.PSQLException: ERROR: type "long" does not exist
  Posição: 247
	at org.postgresql.core.v3.QueryExecutorImpl.receiveErrorResponse(QueryExecutorImpl.java:2733) ~[postgresql-42.7.5.jar:42.7.5]
	at org.postgresql.core.v3.QueryExecutorImpl.processResults(QueryExecutorImpl.java:2420) ~[postgresql-42.7.5.jar:42.7.5]
	at org.postgresql.core.v3.QueryExecutorImpl.execute(QueryExecutorImpl.java:372) ~[postgresql-42.7.5.jar:42.7.5]
	at org.postgresql.jdbc.PgStatement.executeInternal(PgStatement.java:517) ~[postgresql-42.7.5.jar:42.7.5]
	at org.postgresql.jdbc.PgStatement.execute(PgStatement.java:434) ~[postgresql-42.7.5.jar:42.7.5]
	at org.postgresql.jdbc.PgStatement.executeWithFlags(PgStatement.java:356) ~[postgresql-42.7.5.jar:42.7.5]
	at org.postgresql.jdbc.PgStatement.executeCachedSql(PgStatement.java:341) ~[postgresql-42.7.5.jar:42.7.5]
	at org.postgresql.jdbc.PgStatement.executeWithFlags(PgStatement.java:317) ~[postgresql-42.7.5.jar:42.7.5]
	at org.postgresql.jdbc.PgStatement.execute(PgStatement.java:312) ~[postgresql-42.7.5.jar:42.7.5]
	at com.zaxxer.hikari.pool.ProxyStatement.execute(ProxyStatement.java:94) ~[HikariCP-5.1.0.jar:na]
	at com.zaxxer.hikari.pool.HikariProxyStatement.execute(HikariProxyStatement.java) ~[HikariCP-5.1.0.jar:na]
	at org.flywaydb.core.internal.jdbc.JdbcTemplate.executeStatement(JdbcTemplate.java:210) ~[flyway-core-10.20.1.jar:na]
	at org.flywaydb.core.internal.sqlscript.ParsedSqlStatement.execute(ParsedSqlStatement.java:88) ~[flyway-core-10.20.1.jar:na]
	at org.flywaydb.core.internal.sqlscript.DefaultSqlScriptExecutor.executeStatement(DefaultSqlScriptExecutor.java:212) ~[flyway-core-10.20.1.jar:na]
	... 42 common frames omitted

2026-06-16T18:57:34.353-03:00  INFO 132342 --- [auth-service] [main] [                                                 ] c.rota.facil.auth_service.Application    : Starting Application using Java 21.0.11 with PID 132342 (/home/tagashi/rota-facil/auth-service/target/classes started by tagashi in /home/tagashi/rota-facil/auth-service)
2026-06-16T18:57:34.358-03:00  INFO 132342 --- [auth-service] [main] [                                                 ] c.rota.facil.auth_service.Application    : No active profile set, falling back to 1 default profile: "default"
2026-06-16T18:57:36.860-03:00  INFO 132342 --- [auth-service] [main] [                                                 ] .s.d.r.c.RepositoryConfigurationDelegate : Bootstrapping Spring Data JPA repositories in DEFAULT mode.
2026-06-16T18:57:37.107-03:00  INFO 132342 --- [auth-service] [main] [                                                 ] .s.d.r.c.RepositoryConfigurationDelegate : Finished Spring Data repository scanning in 229 ms. Found 3 JPA repository interfaces.
2026-06-16T18:57:37.551-03:00  INFO 132342 --- [auth-service] [main] [                                                 ] o.s.cloud.context.scope.GenericScope     : BeanFactory id=2e297707-24db-38d0-b34a-0e113f385312
2026-06-16T18:57:38.563-03:00  INFO 132342 --- [auth-service] [main] [                                                 ] o.s.b.w.embedded.tomcat.TomcatWebServer  : Tomcat initialized with port 8084 (http)
2026-06-16T18:57:38.587-03:00  INFO 132342 --- [auth-service] [main] [                                                 ] o.apache.catalina.core.StandardService   : Starting service [Tomcat]
2026-06-16T18:57:38.588-03:00  INFO 132342 --- [auth-service] [main] [                                                 ] o.apache.catalina.core.StandardEngine    : Starting Servlet engine: [Apache Tomcat/10.1.34]
2026-06-16T18:57:38.685-03:00  INFO 132342 --- [auth-service] [main] [                                                 ] o.a.c.c.C.[Tomcat].[localhost].[/auth]   : Initializing Spring embedded WebApplicationContext
2026-06-16T18:57:38.686-03:00  INFO 132342 --- [auth-service] [main] [                                                 ] w.s.c.ServletWebServerApplicationContext : Root WebApplicationContext: initialization completed in 4238 ms
2026-06-16T18:57:39.327-03:00  INFO 132342 --- [auth-service] [main] [                                                 ] i.m.c.instrument.push.PushMeterRegistry  : Publishing metrics for OtlpMeterRegistry every 1m to http://localhost:4318/v1/metrics with resource attributes {service.name=auth-service}
2026-06-16T18:57:40.134-03:00  INFO 132342 --- [auth-service] [main] [                                                 ] com.zaxxer.hikari.HikariDataSource       : HikariPool-1 - Starting...
2026-06-16T18:57:40.403-03:00  INFO 132342 --- [auth-service] [main] [                                                 ] com.zaxxer.hikari.pool.HikariPool        : HikariPool-1 - Added connection org.postgresql.jdbc.PgConnection@3117ac8d
2026-06-16T18:57:40.407-03:00  INFO 132342 --- [auth-service] [main] [                                                 ] com.zaxxer.hikari.HikariDataSource       : HikariPool-1 - Start completed.
2026-06-16T18:57:40.465-03:00  INFO 132342 --- [auth-service] [main] [                                                 ] org.flywaydb.core.FlywayExecutor         : Database: jdbc:postgresql://localhost:5434/auth_database (PostgreSQL 16.14)
2026-06-16T18:57:40.579-03:00  INFO 132342 --- [auth-service] [main] [                                                 ] o.f.core.internal.command.DbValidate     : Successfully validated 4 migrations (execution time 00:00.068s)
2026-06-16T18:57:40.611-03:00  INFO 132342 --- [auth-service] [main] [                                                 ] o.f.core.internal.command.DbMigrate      : Current version of schema "public": 1.0.0
2026-06-16T18:57:40.650-03:00  INFO 132342 --- [auth-service] [main] [                                                 ] o.f.core.internal.command.DbMigrate      : Migrating schema "public" to version "1.0.1 - create users tb"
2026-06-16T18:57:40.725-03:00  INFO 132342 --- [auth-service] [main] [                                                 ] o.f.core.internal.command.DbMigrate      : Migrating schema "public" to version "1.0.2 - insert admin"
2026-06-16T18:57:40.765-03:00 ERROR 132342 --- [auth-service] [main] [                                                 ] o.f.core.internal.command.DbMigrate      : Migration of schema "public" to version "1.0.2 - insert admin" failed! Changes successfully rolled back.
2026-06-16T18:57:40.777-03:00  WARN 132342 --- [auth-service] [main] [                                                 ] ConfigServletWebServerApplicationContext : Exception encountered during context initialization - cancelling refresh attempt: org.springframework.beans.factory.BeanCreationException: Error creating bean with name 'entityManagerFactory' defined in class path resource [org/springframework/boot/autoconfigure/orm/jpa/HibernateJpaConfiguration.class]: Failed to initialize dependency 'flywayInitializer' of LoadTimeWeaverAware bean 'entityManagerFactory': Error creating bean with name 'flywayInitializer' defined in class path resource [org/springframework/boot/autoconfigure/flyway/FlywayAutoConfiguration$FlywayConfiguration.class]: Script V1.0.2__insert_admin.sql failed
--------------------------------------
SQL State  : 23502
Error Code : 0
Message    : ERROR: null value in column "completed_trips" of relation "users_tb" violates not-null constraint
  Detalhe: Failing row contains (9a42d87a-f47b-48aa-89f2-7f0897584049, 1a446ca3-deef-4185-b8bf-1b7339c5d872, tulipa, tulipa@gmail.com, 000.000.000-00, $2a$10$xi8X1eELxbfKvWH26z2aKO.liFbyp.Iatyoh/wm6NHYd./nLAQVQG, null, null, SUPERUSER, t, 2026-06-16 18:57:40.722956).
Location   : db/migration/V1.0.2__insert_admin.sql (/home/tagashi/rota-facil/auth-service/target/classes/db/migration/V1.0.2__insert_admin.sql)
Line       : 3
Statement  : Run Flyway with -X option to see the actual statement causing the problem

2026-06-16T18:57:40.778-03:00  INFO 132342 --- [auth-service] [main] [                                                 ] com.zaxxer.hikari.HikariDataSource       : HikariPool-1 - Shutdown initiated...
2026-06-16T18:57:40.792-03:00  INFO 132342 --- [auth-service] [main] [                                                 ] com.zaxxer.hikari.HikariDataSource       : HikariPool-1 - Shutdown completed.
2026-06-16T18:57:40.798-03:00  INFO 132342 --- [auth-service] [main] [                                                 ] i.o.sdk.logs.SdkLoggerProvider           : Calling shutdown() multiple times.
2026-06-16T18:57:40.799-03:00  INFO 132342 --- [auth-service] [main] [                                                 ] i.o.sdk.trace.SdkTracerProvider          : Calling shutdown() multiple times.
2026-06-16T18:57:40.799-03:00  INFO 132342 --- [auth-service] [main] [                                                 ] i.o.exporter.internal.http.HttpExporter  : Calling shutdown() multiple times.
2026-06-16T18:57:40.802-03:00  INFO 132342 --- [auth-service] [main] [                                                 ] o.apache.catalina.core.StandardService   : Stopping service [Tomcat]
2026-06-16T18:57:40.806-03:00  WARN 132342 --- [auth-service] [main] [                                                 ] o.a.c.loader.WebappClassLoaderBase       : The web application [auth] appears to have started a thread named [BatchSpanProcessor_WorkerThread-1] but has failed to stop it. This is very likely to create a memory leak. Stack trace of thread:
 java.base/jdk.internal.misc.Unsafe.park(Native Method)
 java.base/java.util.concurrent.locks.LockSupport.parkNanos(LockSupport.java:269)
 java.base/java.util.concurrent.locks.AbstractQueuedSynchronizer$ConditionObject.awaitNanos(AbstractQueuedSynchronizer.java:1797)
 java.base/java.util.concurrent.ArrayBlockingQueue.poll(ArrayBlockingQueue.java:435)
 io.opentelemetry.sdk.trace.export.BatchSpanProcessor$Worker.run(BatchSpanProcessor.java:266)
 java.base/java.lang.Thread.run(Thread.java:1583)
2026-06-16T18:57:40.806-03:00  WARN 132342 --- [auth-service] [main] [                                                 ] o.a.c.loader.WebappClassLoaderBase       : The web application [auth] appears to have started a thread named [BatchLogRecordProcessor_WorkerThread-1] but has failed to stop it. This is very likely to create a memory leak. Stack trace of thread:
 java.base/jdk.internal.misc.Unsafe.park(Native Method)
 java.base/java.util.concurrent.locks.LockSupport.parkNanos(LockSupport.java:269)
 java.base/java.util.concurrent.locks.AbstractQueuedSynchronizer$ConditionObject.awaitNanos(AbstractQueuedSynchronizer.java:1797)
 java.base/java.util.concurrent.ArrayBlockingQueue.poll(ArrayBlockingQueue.java:435)
 io.opentelemetry.sdk.logs.export.BatchLogRecordProcessor$Worker.run(BatchLogRecordProcessor.java:246)
 java.base/java.lang.Thread.run(Thread.java:1583)
2026-06-16T18:57:40.835-03:00  INFO 132342 --- [auth-service] [main] [                                                 ] .s.b.a.l.ConditionEvaluationReportLogger : 

Error starting ApplicationContext. To display the condition evaluation report re-run your application with 'debug' enabled.
2026-06-16T18:57:40.860-03:00 ERROR 132342 --- [auth-service] [main] [                                                 ] o.s.boot.SpringApplication               : Application run failed

org.springframework.beans.factory.BeanCreationException: Error creating bean with name 'entityManagerFactory' defined in class path resource [org/springframework/boot/autoconfigure/orm/jpa/HibernateJpaConfiguration.class]: Failed to initialize dependency 'flywayInitializer' of LoadTimeWeaverAware bean 'entityManagerFactory': Error creating bean with name 'flywayInitializer' defined in class path resource [org/springframework/boot/autoconfigure/flyway/FlywayAutoConfiguration$FlywayConfiguration.class]: Script V1.0.2__insert_admin.sql failed
--------------------------------------
SQL State  : 23502
Error Code : 0
Message    : ERROR: null value in column "completed_trips" of relation "users_tb" violates not-null constraint
  Detalhe: Failing row contains (9a42d87a-f47b-48aa-89f2-7f0897584049, 1a446ca3-deef-4185-b8bf-1b7339c5d872, tulipa, tulipa@gmail.com, 000.000.000-00, $2a$10$xi8X1eELxbfKvWH26z2aKO.liFbyp.Iatyoh/wm6NHYd./nLAQVQG, null, null, SUPERUSER, t, 2026-06-16 18:57:40.722956).
Location   : db/migration/V1.0.2__insert_admin.sql (/home/tagashi/rota-facil/auth-service/target/classes/db/migration/V1.0.2__insert_admin.sql)
Line       : 3
Statement  : Run Flyway with -X option to see the actual statement causing the problem

	at org.springframework.beans.factory.support.AbstractBeanFactory.doGetBean(AbstractBeanFactory.java:325) ~[spring-beans-6.2.2.jar:6.2.2]
	at org.springframework.beans.factory.support.AbstractBeanFactory.getBean(AbstractBeanFactory.java:204) ~[spring-beans-6.2.2.jar:6.2.2]
	at org.springframework.context.support.AbstractApplicationContext.finishBeanFactoryInitialization(AbstractApplicationContext.java:970) ~[spring-context-6.2.2.jar:6.2.2]
	at org.springframework.context.support.AbstractApplicationContext.refresh(AbstractApplicationContext.java:627) ~[spring-context-6.2.2.jar:6.2.2]
	at org.springframework.boot.web.servlet.context.ServletWebServerApplicationContext.refresh(ServletWebServerApplicationContext.java:146) ~[spring-boot-3.4.2.jar:3.4.2]
	at org.springframework.boot.SpringApplication.refresh(SpringApplication.java:752) ~[spring-boot-3.4.2.jar:3.4.2]
	at org.springframework.boot.SpringApplication.refreshContext(SpringApplication.java:439) ~[spring-boot-3.4.2.jar:3.4.2]
	at org.springframework.boot.SpringApplication.run(SpringApplication.java:318) ~[spring-boot-3.4.2.jar:3.4.2]
	at org.springframework.boot.SpringApplication.run(SpringApplication.java:1361) ~[spring-boot-3.4.2.jar:3.4.2]
	at org.springframework.boot.SpringApplication.run(SpringApplication.java:1350) ~[spring-boot-3.4.2.jar:3.4.2]
	at com.rota.facil.auth_service.Application.main(Application.java:10) ~[classes/:na]
Caused by: org.springframework.beans.factory.BeanCreationException: Error creating bean with name 'flywayInitializer' defined in class path resource [org/springframework/boot/autoconfigure/flyway/FlywayAutoConfiguration$FlywayConfiguration.class]: Script V1.0.2__insert_admin.sql failed
--------------------------------------
SQL State  : 23502
Error Code : 0
Message    : ERROR: null value in column "completed_trips" of relation "users_tb" violates not-null constraint
  Detalhe: Failing row contains (9a42d87a-f47b-48aa-89f2-7f0897584049, 1a446ca3-deef-4185-b8bf-1b7339c5d872, tulipa, tulipa@gmail.com, 000.000.000-00, $2a$10$xi8X1eELxbfKvWH26z2aKO.liFbyp.Iatyoh/wm6NHYd./nLAQVQG, null, null, SUPERUSER, t, 2026-06-16 18:57:40.722956).
Location   : db/migration/V1.0.2__insert_admin.sql (/home/tagashi/rota-facil/auth-service/target/classes/db/migration/V1.0.2__insert_admin.sql)
Line       : 3
Statement  : Run Flyway with -X option to see the actual statement causing the problem

	at org.springframework.beans.factory.support.AbstractAutowireCapableBeanFactory.initializeBean(AbstractAutowireCapableBeanFactory.java:1812) ~[spring-beans-6.2.2.jar:6.2.2]
	at org.springframework.beans.factory.support.AbstractAutowireCapableBeanFactory.doCreateBean(AbstractAutowireCapableBeanFactory.java:601) ~[spring-beans-6.2.2.jar:6.2.2]
	at org.springframework.beans.factory.support.AbstractAutowireCapableBeanFactory.createBean(AbstractAutowireCapableBeanFactory.java:523) ~[spring-beans-6.2.2.jar:6.2.2]
	at org.springframework.beans.factory.support.AbstractBeanFactory.lambda$doGetBean$0(AbstractBeanFactory.java:336) ~[spring-beans-6.2.2.jar:6.2.2]
	at org.springframework.beans.factory.support.DefaultSingletonBeanRegistry.getSingleton(DefaultSingletonBeanRegistry.java:307) ~[spring-beans-6.2.2.jar:6.2.2]
	at org.springframework.beans.factory.support.AbstractBeanFactory.doGetBean(AbstractBeanFactory.java:334) ~[spring-beans-6.2.2.jar:6.2.2]
	at org.springframework.beans.factory.support.AbstractBeanFactory.getBean(AbstractBeanFactory.java:199) ~[spring-beans-6.2.2.jar:6.2.2]
	at org.springframework.beans.factory.support.AbstractBeanFactory.doGetBean(AbstractBeanFactory.java:312) ~[spring-beans-6.2.2.jar:6.2.2]
	... 10 common frames omitted
Caused by: org.flywaydb.core.internal.exception.FlywayMigrateException: Script V1.0.2__insert_admin.sql failed
--------------------------------------
SQL State  : 23502
Error Code : 0
Message    : ERROR: null value in column "completed_trips" of relation "users_tb" violates not-null constraint
  Detalhe: Failing row contains (9a42d87a-f47b-48aa-89f2-7f0897584049, 1a446ca3-deef-4185-b8bf-1b7339c5d872, tulipa, tulipa@gmail.com, 000.000.000-00, $2a$10$xi8X1eELxbfKvWH26z2aKO.liFbyp.Iatyoh/wm6NHYd./nLAQVQG, null, null, SUPERUSER, t, 2026-06-16 18:57:40.722956).
Location   : db/migration/V1.0.2__insert_admin.sql (/home/tagashi/rota-facil/auth-service/target/classes/db/migration/V1.0.2__insert_admin.sql)
Line       : 3
Statement  : Run Flyway with -X option to see the actual statement causing the problem

	at org.flywaydb.core.internal.command.DbMigrate.doMigrateGroup(DbMigrate.java:399) ~[flyway-core-10.20.1.jar:na]
	at org.flywaydb.core.internal.command.DbMigrate.lambda$applyMigrations$1(DbMigrate.java:283) ~[flyway-core-10.20.1.jar:na]
	at org.flywaydb.core.internal.jdbc.TransactionalExecutionTemplate.execute(TransactionalExecutionTemplate.java:59) ~[flyway-core-10.20.1.jar:na]
	at org.flywaydb.core.internal.command.DbMigrate.applyMigrations(DbMigrate.java:282) ~[flyway-core-10.20.1.jar:na]
	at org.flywaydb.core.internal.command.DbMigrate.migrateGroup(DbMigrate.java:255) ~[flyway-core-10.20.1.jar:na]
	at org.flywaydb.core.internal.command.DbMigrate.lambda$migrateAll$0(DbMigrate.java:153) ~[flyway-core-10.20.1.jar:na]
	at org.flywaydb.database.postgresql.PostgreSQLAdvisoryLockTemplate.execute(PostgreSQLAdvisoryLockTemplate.java:77) ~[flyway-database-postgresql-10.20.1.jar:na]
	at org.flywaydb.database.postgresql.PostgreSQLAdvisoryLockTemplate.lambda$execute$0(PostgreSQLAdvisoryLockTemplate.java:60) ~[flyway-database-postgresql-10.20.1.jar:na]
	at org.flywaydb.core.internal.jdbc.TransactionalExecutionTemplate.execute(TransactionalExecutionTemplate.java:59) ~[flyway-core-10.20.1.jar:na]
	at org.flywaydb.database.postgresql.PostgreSQLAdvisoryLockTemplate.execute(PostgreSQLAdvisoryLockTemplate.java:60) ~[flyway-database-postgresql-10.20.1.jar:na]
	at org.flywaydb.database.postgresql.PostgreSQLConnection.lock(PostgreSQLConnection.java:105) ~[flyway-database-postgresql-10.20.1.jar:na]
	at org.flywaydb.core.internal.schemahistory.JdbcTableSchemaHistory.lock(JdbcTableSchemaHistory.java:149) ~[flyway-core-10.20.1.jar:na]
	at org.flywaydb.core.internal.command.DbMigrate.migrateAll(DbMigrate.java:153) ~[flyway-core-10.20.1.jar:na]
	at org.flywaydb.core.internal.command.DbMigrate.migrate(DbMigrate.java:104) ~[flyway-core-10.20.1.jar:na]
	at org.flywaydb.core.Flyway.lambda$migrate$1(Flyway.java:230) ~[flyway-core-10.20.1.jar:na]
	at org.flywaydb.core.FlywayExecutor.execute(FlywayExecutor.java:213) ~[flyway-core-10.20.1.jar:na]
	at org.flywaydb.core.Flyway.migrate(Flyway.java:176) ~[flyway-core-10.20.1.jar:na]
	at org.springframework.boot.autoconfigure.flyway.FlywayMigrationInitializer.afterPropertiesSet(FlywayMigrationInitializer.java:66) ~[spring-boot-autoconfigure-3.4.2.jar:3.4.2]
	at org.springframework.beans.factory.support.AbstractAutowireCapableBeanFactory.invokeInitMethods(AbstractAutowireCapableBeanFactory.java:1859) ~[spring-beans-6.2.2.jar:6.2.2]
	at org.springframework.beans.factory.support.AbstractAutowireCapableBeanFactory.initializeBean(AbstractAutowireCapableBeanFactory.java:1808) ~[spring-beans-6.2.2.jar:6.2.2]
	... 17 common frames omitted
Caused by: org.flywaydb.core.internal.sqlscript.FlywaySqlScriptException: Script V1.0.2__insert_admin.sql failed
--------------------------------------
SQL State  : 23502
Error Code : 0
Message    : ERROR: null value in column "completed_trips" of relation "users_tb" violates not-null constraint
  Detalhe: Failing row contains (9a42d87a-f47b-48aa-89f2-7f0897584049, 1a446ca3-deef-4185-b8bf-1b7339c5d872, tulipa, tulipa@gmail.com, 000.000.000-00, $2a$10$xi8X1eELxbfKvWH26z2aKO.liFbyp.Iatyoh/wm6NHYd./nLAQVQG, null, null, SUPERUSER, t, 2026-06-16 18:57:40.722956).
Location   : db/migration/V1.0.2__insert_admin.sql (/home/tagashi/rota-facil/auth-service/target/classes/db/migration/V1.0.2__insert_admin.sql)
Line       : 3
Statement  : Run Flyway with -X option to see the actual statement causing the problem

	at org.flywaydb.core.internal.sqlscript.DefaultSqlScriptExecutor.handleException(DefaultSqlScriptExecutor.java:256) ~[flyway-core-10.20.1.jar:na]
	at org.flywaydb.core.internal.sqlscript.DefaultSqlScriptExecutor.executeStatement(DefaultSqlScriptExecutor.java:217) ~[flyway-core-10.20.1.jar:na]
	at org.flywaydb.core.internal.sqlscript.DefaultSqlScriptExecutor.execute(DefaultSqlScriptExecutor.java:137) ~[flyway-core-10.20.1.jar:na]
	at org.flywaydb.core.internal.resolver.sql.SqlMigrationExecutor.executeOnce(SqlMigrationExecutor.java:75) ~[flyway-core-10.20.1.jar:na]
	at org.flywaydb.core.internal.resolver.sql.SqlMigrationExecutor.lambda$execute$0(SqlMigrationExecutor.java:66) ~[flyway-core-10.20.1.jar:na]
	at org.flywaydb.core.internal.database.DefaultExecutionStrategy.execute(DefaultExecutionStrategy.java:31) ~[flyway-core-10.20.1.jar:na]
	at org.flywaydb.core.internal.resolver.sql.SqlMigrationExecutor.execute(SqlMigrationExecutor.java:65) ~[flyway-core-10.20.1.jar:na]
	at org.flywaydb.core.internal.command.DbMigrate.doMigrateGroup(DbMigrate.java:391) ~[flyway-core-10.20.1.jar:na]
	... 36 common frames omitted
Caused by: org.postgresql.util.PSQLException: ERROR: null value in column "completed_trips" of relation "users_tb" violates not-null constraint
  Detalhe: Failing row contains (9a42d87a-f47b-48aa-89f2-7f0897584049, 1a446ca3-deef-4185-b8bf-1b7339c5d872, tulipa, tulipa@gmail.com, 000.000.000-00, $2a$10$xi8X1eELxbfKvWH26z2aKO.liFbyp.Iatyoh/wm6NHYd./nLAQVQG, null, null, SUPERUSER, t, 2026-06-16 18:57:40.722956).
	at org.postgresql.core.v3.QueryExecutorImpl.receiveErrorResponse(QueryExecutorImpl.java:2733) ~[postgresql-42.7.5.jar:42.7.5]
	at org.postgresql.core.v3.QueryExecutorImpl.processResults(QueryExecutorImpl.java:2420) ~[postgresql-42.7.5.jar:42.7.5]
	at org.postgresql.core.v3.QueryExecutorImpl.execute(QueryExecutorImpl.java:372) ~[postgresql-42.7.5.jar:42.7.5]
	at org.postgresql.jdbc.PgStatement.executeInternal(PgStatement.java:517) ~[postgresql-42.7.5.jar:42.7.5]
	at org.postgresql.jdbc.PgStatement.execute(PgStatement.java:434) ~[postgresql-42.7.5.jar:42.7.5]
	at org.postgresql.jdbc.PgStatement.executeWithFlags(PgStatement.java:356) ~[postgresql-42.7.5.jar:42.7.5]
	at org.postgresql.jdbc.PgStatement.executeCachedSql(PgStatement.java:341) ~[postgresql-42.7.5.jar:42.7.5]
	at org.postgresql.jdbc.PgStatement.executeWithFlags(PgStatement.java:317) ~[postgresql-42.7.5.jar:42.7.5]
	at org.postgresql.jdbc.PgStatement.execute(PgStatement.java:312) ~[postgresql-42.7.5.jar:42.7.5]
	at com.zaxxer.hikari.pool.ProxyStatement.execute(ProxyStatement.java:94) ~[HikariCP-5.1.0.jar:na]
	at com.zaxxer.hikari.pool.HikariProxyStatement.execute(HikariProxyStatement.java) ~[HikariCP-5.1.0.jar:na]
	at org.flywaydb.core.internal.jdbc.JdbcTemplate.executeStatement(JdbcTemplate.java:210) ~[flyway-core-10.20.1.jar:na]
	at org.flywaydb.core.internal.sqlscript.ParsedSqlStatement.execute(ParsedSqlStatement.java:88) ~[flyway-core-10.20.1.jar:na]
	at org.flywaydb.core.internal.sqlscript.DefaultSqlScriptExecutor.executeStatement(DefaultSqlScriptExecutor.java:212) ~[flyway-core-10.20.1.jar:na]
	... 42 common frames omitted

2026-06-16T18:58:44.008-03:00  INFO 132782 --- [auth-service] [main] [                                                 ] c.rota.facil.auth_service.Application    : Starting Application using Java 21.0.11 with PID 132782 (/home/tagashi/rota-facil/auth-service/target/classes started by tagashi in /home/tagashi/rota-facil/auth-service)
2026-06-16T18:58:44.018-03:00  INFO 132782 --- [auth-service] [main] [                                                 ] c.rota.facil.auth_service.Application    : No active profile set, falling back to 1 default profile: "default"
2026-06-16T18:58:46.482-03:00  INFO 132782 --- [auth-service] [main] [                                                 ] .s.d.r.c.RepositoryConfigurationDelegate : Bootstrapping Spring Data JPA repositories in DEFAULT mode.
2026-06-16T18:58:46.825-03:00  INFO 132782 --- [auth-service] [main] [                                                 ] .s.d.r.c.RepositoryConfigurationDelegate : Finished Spring Data repository scanning in 331 ms. Found 3 JPA repository interfaces.
2026-06-16T18:58:47.609-03:00  INFO 132782 --- [auth-service] [main] [                                                 ] o.s.cloud.context.scope.GenericScope     : BeanFactory id=2e297707-24db-38d0-b34a-0e113f385312
2026-06-16T18:58:48.783-03:00  INFO 132782 --- [auth-service] [main] [                                                 ] o.s.b.w.embedded.tomcat.TomcatWebServer  : Tomcat initialized with port 8084 (http)
2026-06-16T18:58:48.815-03:00  INFO 132782 --- [auth-service] [main] [                                                 ] o.apache.catalina.core.StandardService   : Starting service [Tomcat]
2026-06-16T18:58:48.816-03:00  INFO 132782 --- [auth-service] [main] [                                                 ] o.apache.catalina.core.StandardEngine    : Starting Servlet engine: [Apache Tomcat/10.1.34]
2026-06-16T18:58:48.943-03:00  INFO 132782 --- [auth-service] [main] [                                                 ] o.a.c.c.C.[Tomcat].[localhost].[/auth]   : Initializing Spring embedded WebApplicationContext
2026-06-16T18:58:48.944-03:00  INFO 132782 --- [auth-service] [main] [                                                 ] w.s.c.ServletWebServerApplicationContext : Root WebApplicationContext: initialization completed in 4823 ms
2026-06-16T18:58:49.468-03:00  INFO 132782 --- [auth-service] [main] [                                                 ] i.m.c.instrument.push.PushMeterRegistry  : Publishing metrics for OtlpMeterRegistry every 1m to http://localhost:4318/v1/metrics with resource attributes {service.name=auth-service}
2026-06-16T18:58:50.084-03:00  INFO 132782 --- [auth-service] [main] [                                                 ] com.zaxxer.hikari.HikariDataSource       : HikariPool-1 - Starting...
2026-06-16T18:58:50.347-03:00  INFO 132782 --- [auth-service] [main] [                                                 ] com.zaxxer.hikari.pool.HikariPool        : HikariPool-1 - Added connection org.postgresql.jdbc.PgConnection@7cdb05aa
2026-06-16T18:58:50.351-03:00  INFO 132782 --- [auth-service] [main] [                                                 ] com.zaxxer.hikari.HikariDataSource       : HikariPool-1 - Start completed.
2026-06-16T18:58:50.396-03:00  INFO 132782 --- [auth-service] [main] [                                                 ] org.flywaydb.core.FlywayExecutor         : Database: jdbc:postgresql://localhost:5434/auth_database (PostgreSQL 16.14)
2026-06-16T18:58:50.469-03:00  INFO 132782 --- [auth-service] [main] [                                                 ] o.f.c.i.s.JdbcTableSchemaHistory         : Schema history table "public"."flyway_schema_history" does not exist yet
2026-06-16T18:58:50.474-03:00  INFO 132782 --- [auth-service] [main] [                                                 ] o.f.core.internal.command.DbValidate     : Successfully validated 4 migrations (execution time 00:00.036s)
2026-06-16T18:58:50.498-03:00  INFO 132782 --- [auth-service] [main] [                                                 ] o.f.c.i.s.JdbcTableSchemaHistory         : Creating Schema History table "public"."flyway_schema_history" ...
2026-06-16T18:58:50.603-03:00  INFO 132782 --- [auth-service] [main] [                                                 ] o.f.core.internal.command.DbMigrate      : Current version of schema "public": << Empty Schema >>
2026-06-16T18:58:50.618-03:00  INFO 132782 --- [auth-service] [main] [                                                 ] o.f.core.internal.command.DbMigrate      : Migrating schema "public" to version "1.0.0 - create prefectures"
2026-06-16T18:58:50.675-03:00  INFO 132782 --- [auth-service] [main] [                                                 ] o.f.core.internal.command.DbMigrate      : Migrating schema "public" to version "1.0.1 - create users tb"
2026-06-16T18:58:50.726-03:00  INFO 132782 --- [auth-service] [main] [                                                 ] o.f.core.internal.command.DbMigrate      : Migrating schema "public" to version "1.0.2 - insert admin"
2026-06-16T18:58:50.757-03:00 ERROR 132782 --- [auth-service] [main] [                                                 ] o.f.core.internal.command.DbMigrate      : Migration of schema "public" to version "1.0.2 - insert admin" failed! Changes successfully rolled back.
2026-06-16T18:58:50.774-03:00  WARN 132782 --- [auth-service] [main] [                                                 ] ConfigServletWebServerApplicationContext : Exception encountered during context initialization - cancelling refresh attempt: org.springframework.beans.factory.BeanCreationException: Error creating bean with name 'entityManagerFactory' defined in class path resource [org/springframework/boot/autoconfigure/orm/jpa/HibernateJpaConfiguration.class]: Failed to initialize dependency 'flywayInitializer' of LoadTimeWeaverAware bean 'entityManagerFactory': Error creating bean with name 'flywayInitializer' defined in class path resource [org/springframework/boot/autoconfigure/flyway/FlywayAutoConfiguration$FlywayConfiguration.class]: Script V1.0.2__insert_admin.sql failed
--------------------------------------
SQL State  : 23502
Error Code : 0
Message    : ERROR: null value in column "completed_trips" of relation "users_tb" violates not-null constraint
  Detalhe: Failing row contains (76ec6b4c-d017-4b65-a716-54ee0682d3a6, b020a53e-9e08-479e-85d4-b03ffc81bf18, tulipa, tulipa@gmail.com, 000.000.000-00, $2a$10$xi8X1eELxbfKvWH26z2aKO.liFbyp.Iatyoh/wm6NHYd./nLAQVQG, null, null, 5, SUPERUSER, t, 2026-06-16 18:58:50.723773).
Location   : db/migration/V1.0.2__insert_admin.sql (/home/tagashi/rota-facil/auth-service/target/classes/db/migration/V1.0.2__insert_admin.sql)
Line       : 3
Statement  : Run Flyway with -X option to see the actual statement causing the problem

2026-06-16T18:58:50.775-03:00  INFO 132782 --- [auth-service] [main] [                                                 ] com.zaxxer.hikari.HikariDataSource       : HikariPool-1 - Shutdown initiated...
2026-06-16T18:58:50.807-03:00  INFO 132782 --- [auth-service] [main] [                                                 ] com.zaxxer.hikari.HikariDataSource       : HikariPool-1 - Shutdown completed.
2026-06-16T18:58:50.818-03:00  INFO 132782 --- [auth-service] [main] [                                                 ] i.o.sdk.logs.SdkLoggerProvider           : Calling shutdown() multiple times.
2026-06-16T18:58:50.819-03:00  INFO 132782 --- [auth-service] [main] [                                                 ] i.o.sdk.trace.SdkTracerProvider          : Calling shutdown() multiple times.
2026-06-16T18:58:50.820-03:00  INFO 132782 --- [auth-service] [main] [                                                 ] i.o.exporter.internal.http.HttpExporter  : Calling shutdown() multiple times.
2026-06-16T18:58:50.826-03:00  INFO 132782 --- [auth-service] [main] [                                                 ] o.apache.catalina.core.StandardService   : Stopping service [Tomcat]
2026-06-16T18:58:50.830-03:00  WARN 132782 --- [auth-service] [main] [                                                 ] o.a.c.loader.WebappClassLoaderBase       : The web application [auth] appears to have started a thread named [BatchSpanProcessor_WorkerThread-1] but has failed to stop it. This is very likely to create a memory leak. Stack trace of thread:
 java.base/jdk.internal.misc.Unsafe.park(Native Method)
 java.base/java.util.concurrent.locks.LockSupport.parkNanos(LockSupport.java:269)
 java.base/java.util.concurrent.locks.AbstractQueuedSynchronizer$ConditionObject.awaitNanos(AbstractQueuedSynchronizer.java:1797)
 java.base/java.util.concurrent.ArrayBlockingQueue.poll(ArrayBlockingQueue.java:435)
 io.opentelemetry.sdk.trace.export.BatchSpanProcessor$Worker.run(BatchSpanProcessor.java:266)
 java.base/java.lang.Thread.run(Thread.java:1583)
2026-06-16T18:58:50.831-03:00  WARN 132782 --- [auth-service] [main] [                                                 ] o.a.c.loader.WebappClassLoaderBase       : The web application [auth] appears to have started a thread named [BatchLogRecordProcessor_WorkerThread-1] but has failed to stop it. This is very likely to create a memory leak. Stack trace of thread:
 java.base/jdk.internal.misc.Unsafe.park(Native Method)
 java.base/java.util.concurrent.locks.LockSupport.parkNanos(LockSupport.java:269)
 java.base/java.util.concurrent.locks.AbstractQueuedSynchronizer$ConditionObject.awaitNanos(AbstractQueuedSynchronizer.java:1797)
 java.base/java.util.concurrent.ArrayBlockingQueue.poll(ArrayBlockingQueue.java:435)
 io.opentelemetry.sdk.logs.export.BatchLogRecordProcessor$Worker.run(BatchLogRecordProcessor.java:246)
 java.base/java.lang.Thread.run(Thread.java:1583)
2026-06-16T18:58:50.875-03:00  INFO 132782 --- [auth-service] [main] [                                                 ] .s.b.a.l.ConditionEvaluationReportLogger : 

Error starting ApplicationContext. To display the condition evaluation report re-run your application with 'debug' enabled.
2026-06-16T18:58:50.921-03:00 ERROR 132782 --- [auth-service] [main] [                                                 ] o.s.boot.SpringApplication               : Application run failed

org.springframework.beans.factory.BeanCreationException: Error creating bean with name 'entityManagerFactory' defined in class path resource [org/springframework/boot/autoconfigure/orm/jpa/HibernateJpaConfiguration.class]: Failed to initialize dependency 'flywayInitializer' of LoadTimeWeaverAware bean 'entityManagerFactory': Error creating bean with name 'flywayInitializer' defined in class path resource [org/springframework/boot/autoconfigure/flyway/FlywayAutoConfiguration$FlywayConfiguration.class]: Script V1.0.2__insert_admin.sql failed
--------------------------------------
SQL State  : 23502
Error Code : 0
Message    : ERROR: null value in column "completed_trips" of relation "users_tb" violates not-null constraint
  Detalhe: Failing row contains (76ec6b4c-d017-4b65-a716-54ee0682d3a6, b020a53e-9e08-479e-85d4-b03ffc81bf18, tulipa, tulipa@gmail.com, 000.000.000-00, $2a$10$xi8X1eELxbfKvWH26z2aKO.liFbyp.Iatyoh/wm6NHYd./nLAQVQG, null, null, 5, SUPERUSER, t, 2026-06-16 18:58:50.723773).
Location   : db/migration/V1.0.2__insert_admin.sql (/home/tagashi/rota-facil/auth-service/target/classes/db/migration/V1.0.2__insert_admin.sql)
Line       : 3
Statement  : Run Flyway with -X option to see the actual statement causing the problem

	at org.springframework.beans.factory.support.AbstractBeanFactory.doGetBean(AbstractBeanFactory.java:325) ~[spring-beans-6.2.2.jar:6.2.2]
	at org.springframework.beans.factory.support.AbstractBeanFactory.getBean(AbstractBeanFactory.java:204) ~[spring-beans-6.2.2.jar:6.2.2]
	at org.springframework.context.support.AbstractApplicationContext.finishBeanFactoryInitialization(AbstractApplicationContext.java:970) ~[spring-context-6.2.2.jar:6.2.2]
	at org.springframework.context.support.AbstractApplicationContext.refresh(AbstractApplicationContext.java:627) ~[spring-context-6.2.2.jar:6.2.2]
	at org.springframework.boot.web.servlet.context.ServletWebServerApplicationContext.refresh(ServletWebServerApplicationContext.java:146) ~[spring-boot-3.4.2.jar:3.4.2]
	at org.springframework.boot.SpringApplication.refresh(SpringApplication.java:752) ~[spring-boot-3.4.2.jar:3.4.2]
	at org.springframework.boot.SpringApplication.refreshContext(SpringApplication.java:439) ~[spring-boot-3.4.2.jar:3.4.2]
	at org.springframework.boot.SpringApplication.run(SpringApplication.java:318) ~[spring-boot-3.4.2.jar:3.4.2]
	at org.springframework.boot.SpringApplication.run(SpringApplication.java:1361) ~[spring-boot-3.4.2.jar:3.4.2]
	at org.springframework.boot.SpringApplication.run(SpringApplication.java:1350) ~[spring-boot-3.4.2.jar:3.4.2]
	at com.rota.facil.auth_service.Application.main(Application.java:10) ~[classes/:na]
Caused by: org.springframework.beans.factory.BeanCreationException: Error creating bean with name 'flywayInitializer' defined in class path resource [org/springframework/boot/autoconfigure/flyway/FlywayAutoConfiguration$FlywayConfiguration.class]: Script V1.0.2__insert_admin.sql failed
--------------------------------------
SQL State  : 23502
Error Code : 0
Message    : ERROR: null value in column "completed_trips" of relation "users_tb" violates not-null constraint
  Detalhe: Failing row contains (76ec6b4c-d017-4b65-a716-54ee0682d3a6, b020a53e-9e08-479e-85d4-b03ffc81bf18, tulipa, tulipa@gmail.com, 000.000.000-00, $2a$10$xi8X1eELxbfKvWH26z2aKO.liFbyp.Iatyoh/wm6NHYd./nLAQVQG, null, null, 5, SUPERUSER, t, 2026-06-16 18:58:50.723773).
Location   : db/migration/V1.0.2__insert_admin.sql (/home/tagashi/rota-facil/auth-service/target/classes/db/migration/V1.0.2__insert_admin.sql)
Line       : 3
Statement  : Run Flyway with -X option to see the actual statement causing the problem

	at org.springframework.beans.factory.support.AbstractAutowireCapableBeanFactory.initializeBean(AbstractAutowireCapableBeanFactory.java:1812) ~[spring-beans-6.2.2.jar:6.2.2]
	at org.springframework.beans.factory.support.AbstractAutowireCapableBeanFactory.doCreateBean(AbstractAutowireCapableBeanFactory.java:601) ~[spring-beans-6.2.2.jar:6.2.2]
	at org.springframework.beans.factory.support.AbstractAutowireCapableBeanFactory.createBean(AbstractAutowireCapableBeanFactory.java:523) ~[spring-beans-6.2.2.jar:6.2.2]
	at org.springframework.beans.factory.support.AbstractBeanFactory.lambda$doGetBean$0(AbstractBeanFactory.java:336) ~[spring-beans-6.2.2.jar:6.2.2]
	at org.springframework.beans.factory.support.DefaultSingletonBeanRegistry.getSingleton(DefaultSingletonBeanRegistry.java:307) ~[spring-beans-6.2.2.jar:6.2.2]
	at org.springframework.beans.factory.support.AbstractBeanFactory.doGetBean(AbstractBeanFactory.java:334) ~[spring-beans-6.2.2.jar:6.2.2]
	at org.springframework.beans.factory.support.AbstractBeanFactory.getBean(AbstractBeanFactory.java:199) ~[spring-beans-6.2.2.jar:6.2.2]
	at org.springframework.beans.factory.support.AbstractBeanFactory.doGetBean(AbstractBeanFactory.java:312) ~[spring-beans-6.2.2.jar:6.2.2]
	... 10 common frames omitted
Caused by: org.flywaydb.core.internal.exception.FlywayMigrateException: Script V1.0.2__insert_admin.sql failed
--------------------------------------
SQL State  : 23502
Error Code : 0
Message    : ERROR: null value in column "completed_trips" of relation "users_tb" violates not-null constraint
  Detalhe: Failing row contains (76ec6b4c-d017-4b65-a716-54ee0682d3a6, b020a53e-9e08-479e-85d4-b03ffc81bf18, tulipa, tulipa@gmail.com, 000.000.000-00, $2a$10$xi8X1eELxbfKvWH26z2aKO.liFbyp.Iatyoh/wm6NHYd./nLAQVQG, null, null, 5, SUPERUSER, t, 2026-06-16 18:58:50.723773).
Location   : db/migration/V1.0.2__insert_admin.sql (/home/tagashi/rota-facil/auth-service/target/classes/db/migration/V1.0.2__insert_admin.sql)
Line       : 3
Statement  : Run Flyway with -X option to see the actual statement causing the problem

	at org.flywaydb.core.internal.command.DbMigrate.doMigrateGroup(DbMigrate.java:399) ~[flyway-core-10.20.1.jar:na]
	at org.flywaydb.core.internal.command.DbMigrate.lambda$applyMigrations$1(DbMigrate.java:283) ~[flyway-core-10.20.1.jar:na]
	at org.flywaydb.core.internal.jdbc.TransactionalExecutionTemplate.execute(TransactionalExecutionTemplate.java:59) ~[flyway-core-10.20.1.jar:na]
	at org.flywaydb.core.internal.command.DbMigrate.applyMigrations(DbMigrate.java:282) ~[flyway-core-10.20.1.jar:na]
	at org.flywaydb.core.internal.command.DbMigrate.migrateGroup(DbMigrate.java:255) ~[flyway-core-10.20.1.jar:na]
	at org.flywaydb.core.internal.command.DbMigrate.lambda$migrateAll$0(DbMigrate.java:153) ~[flyway-core-10.20.1.jar:na]
	at org.flywaydb.database.postgresql.PostgreSQLAdvisoryLockTemplate.execute(PostgreSQLAdvisoryLockTemplate.java:77) ~[flyway-database-postgresql-10.20.1.jar:na]
	at org.flywaydb.database.postgresql.PostgreSQLAdvisoryLockTemplate.lambda$execute$0(PostgreSQLAdvisoryLockTemplate.java:60) ~[flyway-database-postgresql-10.20.1.jar:na]
	at org.flywaydb.core.internal.jdbc.TransactionalExecutionTemplate.execute(TransactionalExecutionTemplate.java:59) ~[flyway-core-10.20.1.jar:na]
	at org.flywaydb.database.postgresql.PostgreSQLAdvisoryLockTemplate.execute(PostgreSQLAdvisoryLockTemplate.java:60) ~[flyway-database-postgresql-10.20.1.jar:na]
	at org.flywaydb.database.postgresql.PostgreSQLConnection.lock(PostgreSQLConnection.java:105) ~[flyway-database-postgresql-10.20.1.jar:na]
	at org.flywaydb.core.internal.schemahistory.JdbcTableSchemaHistory.lock(JdbcTableSchemaHistory.java:149) ~[flyway-core-10.20.1.jar:na]
	at org.flywaydb.core.internal.command.DbMigrate.migrateAll(DbMigrate.java:153) ~[flyway-core-10.20.1.jar:na]
	at org.flywaydb.core.internal.command.DbMigrate.migrate(DbMigrate.java:104) ~[flyway-core-10.20.1.jar:na]
	at org.flywaydb.core.Flyway.lambda$migrate$1(Flyway.java:230) ~[flyway-core-10.20.1.jar:na]
	at org.flywaydb.core.FlywayExecutor.execute(FlywayExecutor.java:213) ~[flyway-core-10.20.1.jar:na]
	at org.flywaydb.core.Flyway.migrate(Flyway.java:176) ~[flyway-core-10.20.1.jar:na]
	at org.springframework.boot.autoconfigure.flyway.FlywayMigrationInitializer.afterPropertiesSet(FlywayMigrationInitializer.java:66) ~[spring-boot-autoconfigure-3.4.2.jar:3.4.2]
	at org.springframework.beans.factory.support.AbstractAutowireCapableBeanFactory.invokeInitMethods(AbstractAutowireCapableBeanFactory.java:1859) ~[spring-beans-6.2.2.jar:6.2.2]
	at org.springframework.beans.factory.support.AbstractAutowireCapableBeanFactory.initializeBean(AbstractAutowireCapableBeanFactory.java:1808) ~[spring-beans-6.2.2.jar:6.2.2]
	... 17 common frames omitted
Caused by: org.flywaydb.core.internal.sqlscript.FlywaySqlScriptException: Script V1.0.2__insert_admin.sql failed
--------------------------------------
SQL State  : 23502
Error Code : 0
Message    : ERROR: null value in column "completed_trips" of relation "users_tb" violates not-null constraint
  Detalhe: Failing row contains (76ec6b4c-d017-4b65-a716-54ee0682d3a6, b020a53e-9e08-479e-85d4-b03ffc81bf18, tulipa, tulipa@gmail.com, 000.000.000-00, $2a$10$xi8X1eELxbfKvWH26z2aKO.liFbyp.Iatyoh/wm6NHYd./nLAQVQG, null, null, 5, SUPERUSER, t, 2026-06-16 18:58:50.723773).
Location   : db/migration/V1.0.2__insert_admin.sql (/home/tagashi/rota-facil/auth-service/target/classes/db/migration/V1.0.2__insert_admin.sql)
Line       : 3
Statement  : Run Flyway with -X option to see the actual statement causing the problem

	at org.flywaydb.core.internal.sqlscript.DefaultSqlScriptExecutor.handleException(DefaultSqlScriptExecutor.java:256) ~[flyway-core-10.20.1.jar:na]
	at org.flywaydb.core.internal.sqlscript.DefaultSqlScriptExecutor.executeStatement(DefaultSqlScriptExecutor.java:217) ~[flyway-core-10.20.1.jar:na]
	at org.flywaydb.core.internal.sqlscript.DefaultSqlScriptExecutor.execute(DefaultSqlScriptExecutor.java:137) ~[flyway-core-10.20.1.jar:na]
	at org.flywaydb.core.internal.resolver.sql.SqlMigrationExecutor.executeOnce(SqlMigrationExecutor.java:75) ~[flyway-core-10.20.1.jar:na]
	at org.flywaydb.core.internal.resolver.sql.SqlMigrationExecutor.lambda$execute$0(SqlMigrationExecutor.java:66) ~[flyway-core-10.20.1.jar:na]
	at org.flywaydb.core.internal.database.DefaultExecutionStrategy.execute(DefaultExecutionStrategy.java:31) ~[flyway-core-10.20.1.jar:na]
	at org.flywaydb.core.internal.resolver.sql.SqlMigrationExecutor.execute(SqlMigrationExecutor.java:65) ~[flyway-core-10.20.1.jar:na]
	at org.flywaydb.core.internal.command.DbMigrate.doMigrateGroup(DbMigrate.java:391) ~[flyway-core-10.20.1.jar:na]
	... 36 common frames omitted
Caused by: org.postgresql.util.PSQLException: ERROR: null value in column "completed_trips" of relation "users_tb" violates not-null constraint
  Detalhe: Failing row contains (76ec6b4c-d017-4b65-a716-54ee0682d3a6, b020a53e-9e08-479e-85d4-b03ffc81bf18, tulipa, tulipa@gmail.com, 000.000.000-00, $2a$10$xi8X1eELxbfKvWH26z2aKO.liFbyp.Iatyoh/wm6NHYd./nLAQVQG, null, null, 5, SUPERUSER, t, 2026-06-16 18:58:50.723773).
	at org.postgresql.core.v3.QueryExecutorImpl.receiveErrorResponse(QueryExecutorImpl.java:2733) ~[postgresql-42.7.5.jar:42.7.5]
	at org.postgresql.core.v3.QueryExecutorImpl.processResults(QueryExecutorImpl.java:2420) ~[postgresql-42.7.5.jar:42.7.5]
	at org.postgresql.core.v3.QueryExecutorImpl.execute(QueryExecutorImpl.java:372) ~[postgresql-42.7.5.jar:42.7.5]
	at org.postgresql.jdbc.PgStatement.executeInternal(PgStatement.java:517) ~[postgresql-42.7.5.jar:42.7.5]
	at org.postgresql.jdbc.PgStatement.execute(PgStatement.java:434) ~[postgresql-42.7.5.jar:42.7.5]
	at org.postgresql.jdbc.PgStatement.executeWithFlags(PgStatement.java:356) ~[postgresql-42.7.5.jar:42.7.5]
	at org.postgresql.jdbc.PgStatement.executeCachedSql(PgStatement.java:341) ~[postgresql-42.7.5.jar:42.7.5]
	at org.postgresql.jdbc.PgStatement.executeWithFlags(PgStatement.java:317) ~[postgresql-42.7.5.jar:42.7.5]
	at org.postgresql.jdbc.PgStatement.execute(PgStatement.java:312) ~[postgresql-42.7.5.jar:42.7.5]
	at com.zaxxer.hikari.pool.ProxyStatement.execute(ProxyStatement.java:94) ~[HikariCP-5.1.0.jar:na]
	at com.zaxxer.hikari.pool.HikariProxyStatement.execute(HikariProxyStatement.java) ~[HikariCP-5.1.0.jar:na]
	at org.flywaydb.core.internal.jdbc.JdbcTemplate.executeStatement(JdbcTemplate.java:210) ~[flyway-core-10.20.1.jar:na]
	at org.flywaydb.core.internal.sqlscript.ParsedSqlStatement.execute(ParsedSqlStatement.java:88) ~[flyway-core-10.20.1.jar:na]
	at org.flywaydb.core.internal.sqlscript.DefaultSqlScriptExecutor.executeStatement(DefaultSqlScriptExecutor.java:212) ~[flyway-core-10.20.1.jar:na]
	... 42 common frames omitted

2026-06-16T19:00:01.303-03:00  INFO 132995 --- [auth-service] [main] [                                                 ] c.rota.facil.auth_service.Application    : Starting Application using Java 21.0.11 with PID 132995 (/home/tagashi/rota-facil/auth-service/target/classes started by tagashi in /home/tagashi/rota-facil/auth-service)
2026-06-16T19:00:01.312-03:00  INFO 132995 --- [auth-service] [main] [                                                 ] c.rota.facil.auth_service.Application    : No active profile set, falling back to 1 default profile: "default"
2026-06-16T19:00:04.650-03:00  INFO 132995 --- [auth-service] [main] [                                                 ] .s.d.r.c.RepositoryConfigurationDelegate : Bootstrapping Spring Data JPA repositories in DEFAULT mode.
2026-06-16T19:00:05.012-03:00  INFO 132995 --- [auth-service] [main] [                                                 ] .s.d.r.c.RepositoryConfigurationDelegate : Finished Spring Data repository scanning in 338 ms. Found 3 JPA repository interfaces.
2026-06-16T19:00:05.560-03:00  INFO 132995 --- [auth-service] [main] [                                                 ] o.s.cloud.context.scope.GenericScope     : BeanFactory id=2e297707-24db-38d0-b34a-0e113f385312
2026-06-16T19:00:06.876-03:00  INFO 132995 --- [auth-service] [main] [                                                 ] o.s.b.w.embedded.tomcat.TomcatWebServer  : Tomcat initialized with port 8084 (http)
2026-06-16T19:00:06.899-03:00  INFO 132995 --- [auth-service] [main] [                                                 ] o.apache.catalina.core.StandardService   : Starting service [Tomcat]
2026-06-16T19:00:06.900-03:00  INFO 132995 --- [auth-service] [main] [                                                 ] o.apache.catalina.core.StandardEngine    : Starting Servlet engine: [Apache Tomcat/10.1.34]
2026-06-16T19:00:07.044-03:00  INFO 132995 --- [auth-service] [main] [                                                 ] o.a.c.c.C.[Tomcat].[localhost].[/auth]   : Initializing Spring embedded WebApplicationContext
2026-06-16T19:00:07.045-03:00  INFO 132995 --- [auth-service] [main] [                                                 ] w.s.c.ServletWebServerApplicationContext : Root WebApplicationContext: initialization completed in 5617 ms
2026-06-16T19:00:07.841-03:00  INFO 132995 --- [auth-service] [main] [                                                 ] i.m.c.instrument.push.PushMeterRegistry  : Publishing metrics for OtlpMeterRegistry every 1m to http://localhost:4318/v1/metrics with resource attributes {service.name=auth-service}
2026-06-16T19:00:08.678-03:00  INFO 132995 --- [auth-service] [main] [                                                 ] com.zaxxer.hikari.HikariDataSource       : HikariPool-1 - Starting...
2026-06-16T19:00:08.918-03:00  INFO 132995 --- [auth-service] [main] [                                                 ] com.zaxxer.hikari.pool.HikariPool        : HikariPool-1 - Added connection org.postgresql.jdbc.PgConnection@21022cbb
2026-06-16T19:00:08.921-03:00  INFO 132995 --- [auth-service] [main] [                                                 ] com.zaxxer.hikari.HikariDataSource       : HikariPool-1 - Start completed.
2026-06-16T19:00:08.978-03:00  INFO 132995 --- [auth-service] [main] [                                                 ] org.flywaydb.core.FlywayExecutor         : Database: jdbc:postgresql://localhost:5434/auth_database (PostgreSQL 16.14)
2026-06-16T19:00:09.070-03:00  INFO 132995 --- [auth-service] [main] [                                                 ] o.f.core.internal.command.DbValidate     : Successfully validated 4 migrations (execution time 00:00.047s)
2026-06-16T19:00:09.102-03:00  INFO 132995 --- [auth-service] [main] [                                                 ] o.f.core.internal.command.DbMigrate      : Current version of schema "public": 1.0.1
2026-06-16T19:00:09.140-03:00  INFO 132995 --- [auth-service] [main] [                                                 ] o.f.core.internal.command.DbMigrate      : Migrating schema "public" to version "1.0.2 - insert admin"
2026-06-16T19:00:09.191-03:00  INFO 132995 --- [auth-service] [main] [                                                 ] o.f.core.internal.command.DbMigrate      : Migrating schema "public" to version "1.0.3 - create token complete google login tb"
2026-06-16T19:00:09.233-03:00  INFO 132995 --- [auth-service] [main] [                                                 ] o.f.core.internal.command.DbMigrate      : Successfully applied 2 migrations to schema "public", now at version v1.0.3 (execution time 00:00.044s)
2026-06-16T19:00:09.440-03:00  INFO 132995 --- [auth-service] [main] [                                                 ] o.hibernate.jpa.internal.util.LogHelper  : HHH000204: Processing PersistenceUnitInfo [name: default]
2026-06-16T19:00:09.634-03:00  INFO 132995 --- [auth-service] [main] [                                                 ] org.hibernate.Version                    : HHH000412: Hibernate ORM core version 6.6.5.Final
2026-06-16T19:00:09.739-03:00  INFO 132995 --- [auth-service] [main] [                                                 ] o.h.c.internal.RegionFactoryInitiator    : HHH000026: Second-level cache disabled
2026-06-16T19:00:10.589-03:00  INFO 132995 --- [auth-service] [main] [                                                 ] o.s.o.j.p.SpringPersistenceUnitInfo      : No LoadTimeWeaver setup: ignoring JPA class transformer
2026-06-16T19:00:10.764-03:00  WARN 132995 --- [auth-service] [main] [                                                 ] org.hibernate.orm.deprecation            : HHH90000025: PostgreSQLDialect does not need to be specified explicitly using 'hibernate.dialect' (remove the property setting and it will be selected by default)
2026-06-16T19:00:10.808-03:00  INFO 132995 --- [auth-service] [main] [                                                 ] org.hibernate.orm.connections.pooling    : HHH10001005: Database info:
	Database JDBC URL [Connecting through datasource 'HikariDataSource (HikariPool-1)']
	Database driver: undefined/unknown
	Database version: 16.14
	Autocommit mode: undefined/unknown
	Isolation level: undefined/unknown
	Minimum pool size: undefined/unknown
	Maximum pool size: undefined/unknown
2026-06-16T19:00:12.593-03:00  INFO 132995 --- [auth-service] [main] [                                                 ] o.h.e.t.j.p.i.JtaPlatformInitiator       : HHH000489: No JTA platform available (set 'hibernate.transaction.jta.platform' to enable JTA platform integration)
2026-06-16T19:00:12.693-03:00  INFO 132995 --- [auth-service] [main] [                                                 ] j.LocalContainerEntityManagerFactoryBean : Initialized JPA EntityManagerFactory for persistence unit 'default'
2026-06-16T19:00:13.302-03:00  INFO 132995 --- [auth-service] [main] [                                                 ] o.s.d.j.r.query.QueryEnhancerFactory     : Hibernate is in classpath; If applicable, HQL parser will be used.
2026-06-16T19:00:15.187-03:00  INFO 132995 --- [auth-service] [main] [                                                 ] eAuthenticationProviderManagerConfigurer : Global AuthenticationManager configured with AuthenticationProvider bean with name authenticationProvider
2026-06-16T19:00:15.189-03:00  WARN 132995 --- [auth-service] [main] [                                                 ] r$InitializeUserDetailsManagerConfigurer : Global AuthenticationManager configured with an AuthenticationProvider bean. UserDetailsService beans will not be used by Spring Security for automatically configuring username/password login. Consider removing the AuthenticationProvider bean. Alternatively, consider using the UserDetailsService in a manually instantiated DaoAuthenticationProvider. If the current configuration is intentional, to turn off this warning, increase the logging level of 'org.springframework.security.config.annotation.authentication.configuration.InitializeUserDetailsBeanManagerConfigurer' to ERROR
2026-06-16T19:00:15.720-03:00  WARN 132995 --- [auth-service] [main] [                                                 ] JpaBaseConfiguration$JpaWebConfiguration : spring.jpa.open-in-view is enabled by default. Therefore, database queries may be performed during view rendering. Explicitly configure spring.jpa.open-in-view to disable this warning
2026-06-16T19:00:16.742-03:00  INFO 132995 --- [auth-service] [main] [                                                 ] o.s.b.a.e.web.EndpointLinksResolver      : Exposing 1 endpoint beneath base path '/actuator'
2026-06-16T19:00:18.349-03:00  INFO 132995 --- [auth-service] [main] [                                                 ] DiscoveryClientOptionalArgsConfiguration : Eureka HTTP Client uses RestTemplate.
2026-06-16T19:00:18.572-03:00  WARN 132995 --- [auth-service] [main] [                                                 ] iguration$LoadBalancerCaffeineWarnLogger : Spring Cloud LoadBalancer is currently working with the default cache. While this cache implementation is useful for development and tests, it's recommended to use Caffeine cache in production.You can switch to using Caffeine cache, by adding it and org.springframework.cache.caffeine.CaffeineCacheManager to the classpath.
2026-06-16T19:00:18.878-03:00  INFO 132995 --- [auth-service] [main] [                                                 ] o.s.c.n.eureka.InstanceInfoFactory       : Setting initial instance status as: STARTING
2026-06-16T19:00:18.936-03:00  INFO 132995 --- [auth-service] [main] [                                                 ] com.netflix.discovery.DiscoveryClient    : Initializing Eureka in region us-east-1
2026-06-16T19:00:18.947-03:00  INFO 132995 --- [auth-service] [main] [                                                 ] c.n.d.s.r.aws.ConfigClusterResolver      : Resolving eureka endpoints via configuration
2026-06-16T19:00:18.972-03:00  INFO 132995 --- [auth-service] [main] [                                                 ] com.netflix.discovery.DiscoveryClient    : Disable delta property : false
2026-06-16T19:00:18.973-03:00  INFO 132995 --- [auth-service] [main] [                                                 ] com.netflix.discovery.DiscoveryClient    : Single vip registry refresh property : null
2026-06-16T19:00:18.974-03:00  INFO 132995 --- [auth-service] [main] [                                                 ] com.netflix.discovery.DiscoveryClient    : Force full registry fetch : false
2026-06-16T19:00:18.974-03:00  INFO 132995 --- [auth-service] [main] [                                                 ] com.netflix.discovery.DiscoveryClient    : Application is null : false
2026-06-16T19:00:18.974-03:00  INFO 132995 --- [auth-service] [main] [                                                 ] com.netflix.discovery.DiscoveryClient    : Registered Applications size is zero : true
2026-06-16T19:00:18.975-03:00  INFO 132995 --- [auth-service] [main] [                                                 ] com.netflix.discovery.DiscoveryClient    : Application version is -1: true
2026-06-16T19:00:18.975-03:00  INFO 132995 --- [auth-service] [main] [                                                 ] com.netflix.discovery.DiscoveryClient    : Getting all instance registry info from the eureka server
2026-06-16T19:00:19.621-03:00  INFO 132995 --- [auth-service] [main] [                                                 ] com.netflix.discovery.DiscoveryClient    : The response status is 200
2026-06-16T19:00:19.625-03:00  INFO 132995 --- [auth-service] [main] [                                                 ] com.netflix.discovery.DiscoveryClient    : Starting heartbeat executor: renew interval is: 30
2026-06-16T19:00:19.631-03:00  INFO 132995 --- [auth-service] [main] [                                                 ] c.n.discovery.InstanceInfoReplicator     : InstanceInfoReplicator onDemand update allowed rate per min is 4
2026-06-16T19:00:19.635-03:00  INFO 132995 --- [auth-service] [main] [                                                 ] com.netflix.discovery.DiscoveryClient    : Discovery Client initialized at timestamp 1781647219633 with initial instances count: 1
2026-06-16T19:00:19.649-03:00  INFO 132995 --- [auth-service] [main] [                                                 ] o.s.c.n.e.s.EurekaServiceRegistry        : Registering application AUTH-SERVICE with eureka with status UP
2026-06-16T19:00:19.651-03:00  INFO 132995 --- [auth-service] [main] [                                                 ] com.netflix.discovery.DiscoveryClient    : Saw local status change event StatusChangeEvent [timestamp=1781647219651, current=UP, previous=STARTING]
2026-06-16T19:00:19.655-03:00  INFO 132995 --- [auth-service] [DiscoveryClient-InstanceInfoReplicator-%d] [                                                 ] com.netflix.discovery.DiscoveryClient    : DiscoveryClient_AUTH-SERVICE/auth-service:8084: registering service...
2026-06-16T19:00:19.689-03:00  INFO 132995 --- [auth-service] [main] [                                                 ] o.s.b.w.embedded.tomcat.TomcatWebServer  : Tomcat started on port 8084 (http) with context path '/auth'
2026-06-16T19:00:19.692-03:00  INFO 132995 --- [auth-service] [main] [                                                 ] .s.c.n.e.s.EurekaAutoServiceRegistration : Updating port to 8084
2026-06-16T19:00:19.727-03:00  INFO 132995 --- [auth-service] [DiscoveryClient-InstanceInfoReplicator-%d] [                                                 ] com.netflix.discovery.DiscoveryClient    : DiscoveryClient_AUTH-SERVICE/auth-service:8084 - registration status: 204
2026-06-16T19:00:19.751-03:00  INFO 132995 --- [auth-service] [main] [                                                 ] o.s.a.r.c.CachingConnectionFactory       : Attempting to connect to: [localhost:5672]
2026-06-16T19:00:19.848-03:00  INFO 132995 --- [auth-service] [main] [                                                 ] o.s.a.r.c.CachingConnectionFactory       : Created new connection: rabbitConnectionFactory#619f491:0/SimpleConnection@34923f7f [delegate=amqp://rota-facil@127.0.0.1:5672/, localPort=42894]
2026-06-16T19:00:20.023-03:00  INFO 132995 --- [auth-service] [main] [                                                 ] c.rota.facil.auth_service.Application    : Started Application in 19.945 seconds (process running for 21.027)
2026-06-16T19:05:18.979-03:00  INFO 132995 --- [auth-service] [AsyncResolver-bootstrap-executor-%d] [                                                 ] c.n.d.s.r.aws.ConfigClusterResolver      : Resolving eureka endpoints via configuration
2026-06-16T19:10:18.981-03:00  INFO 132995 --- [auth-service] [AsyncResolver-bootstrap-executor-%d] [                                                 ] c.n.d.s.r.aws.ConfigClusterResolver      : Resolving eureka endpoints via configuration
2026-06-16T19:11:38.274-03:00  INFO 132995 --- [auth-service] [http-nio-8084-exec-1] [                                                 ] o.a.c.c.C.[Tomcat].[localhost].[/auth]   : Initializing Spring DispatcherServlet 'dispatcherServlet'
2026-06-16T19:11:38.275-03:00  INFO 132995 --- [auth-service] [http-nio-8084-exec-1] [                                                 ] o.s.web.servlet.DispatcherServlet        : Initializing Servlet 'dispatcherServlet'
2026-06-16T19:11:38.279-03:00  INFO 132995 --- [auth-service] [http-nio-8084-exec-1] [                                                 ] o.s.web.servlet.DispatcherServlet        : Completed initialization in 4 ms
2026-06-16T19:15:18.988-03:00  INFO 132995 --- [auth-service] [AsyncResolver-bootstrap-executor-%d] [                                                 ] c.n.d.s.r.aws.ConfigClusterResolver      : Resolving eureka endpoints via configuration
2026-06-16T19:20:18.990-03:00  INFO 132995 --- [auth-service] [AsyncResolver-bootstrap-executor-%d] [                                                 ] c.n.d.s.r.aws.ConfigClusterResolver      : Resolving eureka endpoints via configuration
